child,parent_set,selected_order,conditional_model_type,selected_number_bins,simplified_validation_score,selected_validation_score,score_improvement_over_simplified,conditional_family,conditional_rotation,conditional_bin_counts
Raf,"['Mek', 'Plcg']","['Mek', 'Plcg', 'Raf']",quantile_binned,6,0.2920467711845753,0.30085472730779,0.0088079561232146,gumbel,0,"[142, 138, 143, 141, 146, 143]"
Raf,"['Mek', 'PIP2']","['Mek', 'PIP2', 'Raf']",simplified,1,0.2920467711845753,0.2920467711845753,9.88614313520153e-05,gumbel,0,[853]
Raf,"['Mek', 'PIP3']","['PIP3', 'Mek', 'Raf']",simplified,1,0.0,0.0,0.0,indep,0,[853]
Raf,"['Erk', 'Mek']","['Erk', 'Mek', 'Raf']",simplified,1,0.0,0.0,0.0,indep,0,[853]
Raf,"['Akt', 'Mek']","['Akt', 'Mek', 'Raf']",simplified,1,0.0,0.0,0.0,indep,0,[853]
Raf,"['Mek', 'PKA']","['Mek', 'PKA', 'Raf']",quantile_binned,5,0.2920467711845753,0.3006411439268106,0.0085943727422352,gumbel,0,"[169, 169, 172, 171, 172]"
Raf,"['Mek', 'PKC']","['Mek', 'PKC', 'Raf']",quantile_binned,6,0.2920467711845753,0.2988982143232879,0.0068514431387125,gumbel,0,"[141, 143, 142, 141, 142, 144]"
Raf,"['Mek', 'P38']","['Mek', 'P38', 'Raf']",simplified,1,0.2920467711845753,0.2920467711845753,0.0,gumbel,0,[853]
Raf,"['Jnk', 'Mek']","['Jnk', 'Mek', 'Raf']",simplified,1,0.0,0.0,0.0,indep,0,[853]
Raf,"['PIP2', 'Plcg']","['PIP2', 'Plcg', 'Raf']",simplified,1,0.0,0.0,0.0,indep,0,[853]
Raf,"['PIP3', 'Plcg']","['PIP3', 'Plcg', 'Raf']",simplified,1,0.0,0.0,0.0,indep,0,[853]
Raf,"['Erk', 'Plcg']","['Erk', 'Plcg', 'Raf']",simplified,1,0.0,0.0,0.0,indep,0,[853]
Raf,"['Akt', 'Plcg']","['Akt', 'Plcg', 'Raf']",simplified,1,0.0,0.0,0.0,indep,0,[853]
Raf,"['PKA', 'Plcg']","['PKA', 'Plcg', 'Raf']",simplified,1,0.0,0.0,0.0,indep,0,[853]
Raf,"['PKC', 'Plcg']","['PKC', 'Plcg', 'Raf']",simplified,1,0.0,0.0,0.0,indep,0,[853]
Raf,"['P38', 'Plcg']","['P38', 'Plcg', 'Raf']",simplified,1,0.0,0.0,0.0,indep,0,[853]
Raf,"['Jnk', 'Plcg']","['Jnk', 'Plcg', 'Raf']",simplified,1,0.0,0.0,0.0,indep,0,[853]
Raf,"['PIP2', 'PIP3']","['PIP2', 'PIP3', 'Raf']",simplified,1,0.0,0.0,0.0,indep,0,[853]
Raf,"['Erk', 'PIP2']","['Erk', 'PIP2', 'Raf']",simplified,1,0.0,0.0,0.0,indep,0,[853]
Raf,"['Akt', 'PIP2']","['Akt', 'PIP2', 'Raf']",simplified,1,0.0,0.0,0.0,indep,0,[853]
Raf,"['PIP2', 'PKA']","['PIP2', 'PKA', 'Raf']",simplified,1,0.0,0.0,0.0,indep,0,[853]
Raf,"['PIP2', 'PKC']","['PIP2', 'PKC', 'Raf']",simplified,1,0.0,0.0,0.0,indep,0,[853]
Raf,"['P38', 'PIP2']","['P38', 'PIP2', 'Raf']",simplified,1,0.0,0.0,0.0,indep,0,[853]
Raf,"['Jnk', 'PIP2']","['Jnk', 'PIP2', 'Raf']",simplified,1,0.0,0.0,0.0,indep,0,[853]
Raf,"['Erk', 'PIP3']","['Erk', 'PIP3', 'Raf']",simplified,1,0.0,0.0,0.0,indep,0,[853]
Raf,"['Akt', 'PIP3']","['Akt', 'PIP3', 'Raf']",simplified,1,0.0,0.0,0.0,indep,0,[853]
Raf,"['PIP3', 'PKA']","['PIP3', 'PKA', 'Raf']",simplified,1,0.0,0.0,0.0,indep,0,[853]
Raf,"['PIP3', 'PKC']","['PIP3', 'PKC', 'Raf']",simplified,1,0.0,0.0,0.0,indep,0,[853]
Raf,"['P38', 'PIP3']","['P38', 'PIP3', 'Raf']",simplified,1,0.0,0.0,0.0,indep,0,[853]
Raf,"['Jnk', 'PIP3']","['Jnk', 'PIP3', 'Raf']",simplified,1,0.0,0.0,0.0,indep,0,[853]
Raf,"['Akt', 'Erk']","['Akt', 'Erk', 'Raf']",simplified,1,0.0,0.0,0.0,indep,0,[853]
Raf,"['Erk', 'PKA']","['Erk', 'PKA', 'Raf']",simplified,1,0.0,0.0,0.0,indep,0,[853]
Raf,"['Erk', 'PKC']","['Erk', 'PKC', 'Raf']",simplified,1,0.0,0.0,0.0,indep,0,[853]
Raf,"['Erk', 'P38']","['Erk', 'P38', 'Raf']",simplified,1,0.0,0.0,0.0,indep,0,[853]
Raf,"['Erk', 'Jnk']","['Erk', 'Jnk', 'Raf']",simplified,1,0.0,0.0,0.0,indep,0,[853]
Raf,"['Akt', 'PKA']","['Akt', 'PKA', 'Raf']",simplified,1,0.0,0.0,0.0,indep,0,[853]
Raf,"['Akt', 'PKC']","['Akt', 'PKC', 'Raf']",simplified,1,0.0,0.0,0.0,indep,0,[853]
Raf,"['Akt', 'P38']","['Akt', 'P38', 'Raf']",simplified,1,0.0,0.0,0.0,indep,0,[853]
Raf,"['Akt', 'Jnk']","['Akt', 'Jnk', 'Raf']",simplified,1,0.0,0.0,0.0,indep,0,[853]
Raf,"['PKA', 'PKC']","['PKA', 'PKC', 'Raf']",simplified,1,0.0,0.0,0.0,indep,0,[853]
Raf,"['P38', 'PKA']","['P38', 'PKA', 'Raf']",simplified,1,0.0,0.0,0.0,indep,0,[853]
Raf,"['Jnk', 'PKA']","['Jnk', 'PKA', 'Raf']",simplified,1,0.0,0.0,0.0,indep,0,[853]
Raf,"['P38', 'PKC']","['P38', 'PKC', 'Raf']",simplified,1,0.0,0.0,0.0,indep,0,[853]
Raf,"['Jnk', 'PKC']","['Jnk', 'PKC', 'Raf']",simplified,1,0.0,0.0,0.0,indep,0,[853]
Raf,"['Jnk', 'P38']","['Jnk', 'P38', 'Raf']",simplified,1,0.0,0.0,0.0,indep,0,[853]
Mek,"['Plcg', 'Raf']","['Plcg', 'Raf', 'Mek']",simplified,1,0.0,0.0,0.0,indep,0,[853]
Mek,"['PIP2', 'Raf']","['PIP2', 'Raf', 'Mek']",simplified,1,0.0,0.0,0.0,indep,0,[853]
Mek,"['PIP3', 'Raf']","['PIP3', 'Raf', 'Mek']",simplified,1,0.0,0.0,0.0,indep,0,[853]
Mek,"['Erk', 'Raf']","['Erk', 'Raf', 'Mek']",simplified,1,0.0,0.0,0.0,indep,0,[853]
Mek,"['Akt', 'Raf']","['Akt', 'Raf', 'Mek']",simplified,1,0.0,0.0,0.0,indep,0,[853]
Mek,"['PKA', 'Raf']","['PKA', 'Raf', 'Mek']",simplified,1,0.0,0.0,0.0,indep,0,[853]
Mek,"['PKC', 'Raf']","['PKC', 'Raf', 'Mek']",simplified,1,0.0,0.0,0.0,indep,0,[853]
Mek,"['P38', 'Raf']","['P38', 'Raf', 'Mek']",simplified,1,0.0,0.0,0.0,indep,0,[853]
Mek,"['Jnk', 'Raf']","['Jnk', 'Raf', 'Mek']",simplified,1,0.0,0.0,0.0,indep,0,[853]
Mek,"['PIP2', 'Plcg']","['PIP2', 'Plcg', 'Mek']",simplified,1,0.0,0.0,0.0,indep,0,[853]
Mek,"['PIP3', 'Plcg']","['PIP3', 'Plcg', 'Mek']",simplified,1,0.0,0.0,0.0,indep,0,[853]
Mek,"['Erk', 'Plcg']","['Erk', 'Plcg', 'Mek']",simplified,1,0.0,0.0,0.0,indep,0,[853]
Mek,"['Akt', 'Plcg']","['Akt', 'Plcg', 'Mek']",simplified,1,0.0,0.0,0.0,indep,0,[853]
Mek,"['PKA', 'Plcg']","['PKA', 'Plcg', 'Mek']",simplified,1,0.0,0.0,0.0,indep,0,[853]
Mek,"['PKC', 'Plcg']","['PKC', 'Plcg', 'Mek']",simplified,1,0.0,0.0,0.0,indep,0,[853]
Mek,"['P38', 'Plcg']","['P38', 'Plcg', 'Mek']",simplified,1,0.0,0.0,0.0,indep,0,[853]
Mek,"['Jnk', 'Plcg']","['Jnk', 'Plcg', 'Mek']",simplified,1,0.0,0.0,0.0,indep,0,[853]
Mek,"['PIP2', 'PIP3']","['PIP3', 'PIP2', 'Mek']",simplified,1,0.0,0.0,0.0,indep,0,[853]
Mek,"['Erk', 'PIP2']","['Erk', 'PIP2', 'Mek']",simplified,1,0.0,0.0,0.0,indep,0,[853]
Mek,"['Akt', 'PIP2']","['Akt', 'PIP2', 'Mek']",simplified,1,0.0,0.0,0.0,indep,0,[853]
Mek,"['PIP2', 'PKA']","['PIP2', 'PKA', 'Mek']",simplified,1,0.0,0.0,0.0,indep,0,[853]
Mek,"['PIP2', 'PKC']","['PIP2', 'PKC', 'Mek']",simplified,1,0.0,0.0,0.0,indep,0,[853]
Mek,"['P38', 'PIP2']","['P38', 'PIP2', 'Mek']",simplified,1,0.0,0.0,0.0,indep,0,[853]
Mek,"['Jnk', 'PIP2']","['Jnk', 'PIP2', 'Mek']",simplified,1,0.0,0.0,0.0,indep,0,[853]
Mek,"['Erk', 'PIP3']","['Erk', 'PIP3', 'Mek']",simplified,1,0.0,0.0,0.0,indep,0,[853]
Mek,"['Akt', 'PIP3']","['Akt', 'PIP3', 'Mek']",simplified,1,0.0,0.0,0.0,indep,0,[853]
Mek,"['PIP3', 'PKA']","['PIP3', 'PKA', 'Mek']",simplified,1,-0.0054447008311453,-0.0054447008311453,0.0023592882291295,clayton,180,[853]
Mek,"['PIP3', 'PKC']","['PIP3', 'PKC', 'Mek']",simplified,1,-0.0054447008311453,-0.0054447008311453,0.0,clayton,180,[853]
Mek,"['P38', 'PIP3']","['P38', 'PIP3', 'Mek']",simplified,1,0.0,0.0,0.0,indep,0,[853]
Mek,"['Jnk', 'PIP3']","['Jnk', 'PIP3', 'Mek']",simplified,1,0.0,0.0,0.0,indep,0,[853]
Mek,"['Akt', 'Erk']","['Akt', 'Erk', 'Mek']",simplified,1,0.0,0.0,0.0,indep,0,[853]
Mek,"['Erk', 'PKA']","['Erk', 'PKA', 'Mek']",simplified,1,0.0,0.0,0.0,indep,0,[853]
Mek,"['Erk', 'PKC']","['Erk', 'PKC', 'Mek']",simplified,1,0.0,0.0,0.0,indep,0,[853]
Mek,"['Erk', 'P38']","['Erk', 'P38', 'Mek']",simplified,1,0.0,0.0,0.0,indep,0,[853]
Mek,"['Erk', 'Jnk']","['Erk', 'Jnk', 'Mek']",simplified,1,0.0,0.0,0.0,indep,0,[853]
Mek,"['Akt', 'PKA']","['Akt', 'PKA', 'Mek']",simplified,1,0.0,0.0,0.0,indep,0,[853]
Mek,"['Akt', 'PKC']","['Akt', 'PKC', 'Mek']",simplified,1,0.0,0.0,0.0,indep,0,[853]
Mek,"['Akt', 'P38']","['Akt', 'P38', 'Mek']",simplified,1,0.0,0.0,0.0,indep,0,[853]
Mek,"['Akt', 'Jnk']","['Akt', 'Jnk', 'Mek']",simplified,1,0.0,0.0,0.0,indep,0,[853]
Mek,"['PKA', 'PKC']","['PKA', 'PKC', 'Mek']",simplified,1,0.0,0.0,0.0,indep,0,[853]
Mek,"['P38', 'PKA']","['P38', 'PKA', 'Mek']",simplified,1,0.0,0.0,0.0,indep,0,[853]
Mek,"['Jnk', 'PKA']","['Jnk', 'PKA', 'Mek']",simplified,1,0.0,0.0,0.0,indep,0,[853]
Mek,"['P38', 'PKC']","['P38', 'PKC', 'Mek']",simplified,1,0.0,0.0,0.0,indep,0,[853]
Mek,"['Jnk', 'PKC']","['Jnk', 'PKC', 'Mek']",simplified,1,0.0,0.0,0.0,indep,0,[853]
Mek,"['Jnk', 'P38']","['Jnk', 'P38', 'Mek']",simplified,1,0.0,0.0,0.0,indep,0,[853]
Plcg,"['Mek', 'Raf']","['Mek', 'Raf', 'Plcg']",simplified,1,0.0,0.0,0.0,indep,0,[853]
Plcg,"['PIP2', 'Raf']","['PIP2', 'Raf', 'Plcg']",simplified,1,0.0102616826369592,0.0102616826369592,0.0,student,0,[853]
Plcg,"['PIP3', 'Raf']","['PIP3', 'Raf', 'Plcg']",simplified,1,0.0119504049465033,0.0119504049465033,0.0037457124212256,clayton,180,[853]
Plcg,"['Erk', 'Raf']","['Erk', 'Raf', 'Plcg']",simplified,1,0.0,0.0,0.0,indep,0,[853]
Plcg,"['Akt', 'Raf']","['Akt', 'Raf', 'Plcg']",simplified,1,0.0,0.0,0.0,indep,0,[853]
Plcg,"['PKA', 'Raf']","['PKA', 'Raf', 'Plcg']",simplified,1,0.0,0.0,0.0,indep,0,[853]
Plcg,"['PKC', 'Raf']","['PKC', 'Raf', 'Plcg']",simplified,1,0.0,0.0,0.0,indep,0,[853]
Plcg,"['P38', 'Raf']","['P38', 'Raf', 'Plcg']",simplified,1,0.0,0.0,0.0,indep,0,[853]
Plcg,"['Jnk', 'Raf']","['Jnk', 'Raf', 'Plcg']",simplified,1,0.0,0.0,0.0,indep,0,[853]
Plcg,"['Mek', 'PIP2']","['Mek', 'PIP2', 'Plcg']",simplified,1,0.0,0.0,0.0,indep,0,[853]
Plcg,"['Mek', 'PIP3']","['Mek', 'PIP3', 'Plcg']",simplified,1,0.0,0.0,0.0,indep,0,[853]
Plcg,"['Erk', 'Mek']","['Erk', 'Mek', 'Plcg']",simplified,1,0.0,0.0,0.0,indep,0,[853]
Plcg,"['Akt', 'Mek']","['Akt', 'Mek', 'Plcg']",simplified,1,0.0,0.0,0.0,indep,0,[853]
Plcg,"['Mek', 'PKA']","['Mek', 'PKA', 'Plcg']",simplified,1,0.0,0.0,0.0,indep,0,[853]
Plcg,"['Mek', 'PKC']","['Mek', 'PKC', 'Plcg']",simplified,1,0.0,0.0,0.0,indep,0,[853]
Plcg,"['Mek', 'P38']","['Mek', 'P38', 'Plcg']",simplified,1,0.0,0.0,0.0,indep,0,[853]
Plcg,"['Jnk', 'Mek']","['Jnk', 'Mek', 'Plcg']",simplified,1,0.0,0.0,0.0,indep,0,[853]
Plcg,"['PIP2', 'PIP3']","['PIP2', 'PIP3', 'Plcg']",quantile_binned,6,0.0226679598710678,0.0330201972256784,0.0103522373546105,student,0,"[142, 141, 143, 141, 141, 145]"
Plcg,"['Erk', 'PIP2']","['Erk', 'PIP2', 'Plcg']",simplified,1,0.0,0.0,0.0,indep,0,[853]
Plcg,"['Akt', 'PIP2']","['Akt', 'PIP2', 'Plcg']",simplified,1,0.0,0.0,0.0,indep,0,[853]
Plcg,"['PIP2', 'PKA']","['PIP2', 'PKA', 'Plcg']",simplified,1,0.0102616826369592,0.0102616826369592,0.0,student,0,[853]
Plcg,"['PIP2', 'PKC']","['PIP2', 'PKC', 'Plcg']",simplified,1,0.0102616826369592,0.0102616826369592,0.0,student,0,[853]
Plcg,"['P38', 'PIP2']","['P38', 'PIP2', 'Plcg']",simplified,1,0.0,0.0,0.0,indep,0,[853]
Plcg,"['Jnk', 'PIP2']","['Jnk', 'PIP2', 'Plcg']",simplified,1,0.0,0.0,0.0,indep,0,[853]
Plcg,"['Erk', 'PIP3']","['Erk', 'PIP3', 'Plcg']",simplified,1,0.0,0.0,0.0,indep,0,[853]
Plcg,"['Akt', 'PIP3']","['Akt', 'PIP3', 'Plcg']",simplified,1,0.0,0.0,0.0,indep,0,[853]
Plcg,"['PIP3', 'PKA']","['PIP3', 'PKA', 'Plcg']",simplified,1,0.0119504049465033,0.0119504049465033,2.839331154034022e-06,clayton,180,[853]
Plcg,"['PIP3', 'PKC']","['PIP3', 'PKC', 'Plcg']",simplified,1,0.0119504049465033,0.0119504049465033,0.0006678557153719,clayton,180,[853]
Plcg,"['P38', 'PIP3']","['P38', 'PIP3', 'Plcg']",simplified,1,0.0,0.0,0.0,indep,0,[853]
Plcg,"['Jnk', 'PIP3']","['Jnk', 'PIP3', 'Plcg']",simplified,1,0.0,0.0,0.0,indep,0,[853]
Plcg,"['Akt', 'Erk']","['Akt', 'Erk', 'Plcg']",simplified,1,0.0,0.0,0.0,indep,0,[853]
Plcg,"['Erk', 'PKA']","['Erk', 'PKA', 'Plcg']",simplified,1,0.0,0.0,0.0,indep,0,[853]
Plcg,"['Erk', 'PKC']","['Erk', 'PKC', 'Plcg']",simplified,1,0.0,0.0,0.0,indep,0,[853]
Plcg,"['Erk', 'P38']","['Erk', 'P38', 'Plcg']",simplified,1,0.0,0.0,0.0,indep,0,[853]
Plcg,"['Erk', 'Jnk']","['Erk', 'Jnk', 'Plcg']",simplified,1,0.0,0.0,0.0,indep,0,[853]
Plcg,"['Akt', 'PKA']","['PKA', 'Akt', 'Plcg']",simplified,1,0.0,0.0,0.0,indep,0,[853]
Plcg,"['Akt', 'PKC']","['Akt', 'PKC', 'Plcg']",simplified,1,0.0,0.0,0.0,indep,0,[853]
Plcg,"['Akt', 'P38']","['Akt', 'P38', 'Plcg']",simplified,1,0.0,0.0,0.0,indep,0,[853]
Plcg,"['Akt', 'Jnk']","['Akt', 'Jnk', 'Plcg']",simplified,1,0.0,0.0,0.0,indep,0,[853]
Plcg,"['PKA', 'PKC']","['PKA', 'PKC', 'Plcg']",simplified,1,0.0,0.0,0.0,indep,0,[853]
Plcg,"['P38', 'PKA']","['P38', 'PKA', 'Plcg']",simplified,1,0.0,0.0,0.0,indep,0,[853]
Plcg,"['Jnk', 'PKA']","['Jnk', 'PKA', 'Plcg']",simplified,1,0.0,0.0,0.0,indep,0,[853]
Plcg,"['P38', 'PKC']","['P38', 'PKC', 'Plcg']",simplified,1,0.0,0.0,0.0,indep,0,[853]
Plcg,"['Jnk', 'PKC']","['Jnk', 'PKC', 'Plcg']",simplified,1,0.0,0.0,0.0,indep,0,[853]
Plcg,"['Jnk', 'P38']","['Jnk', 'P38', 'Plcg']",simplified,1,0.0,0.0,0.0,indep,0,[853]
PIP2,"['Mek', 'Raf']","['Mek', 'Raf', 'PIP2']",simplified,1,0.0,0.0,0.0,indep,0,[853]
PIP2,"['Plcg', 'Raf']","['Plcg', 'Raf', 'PIP2']",simplified,1,0.0102616826369592,0.0102616826369592,0.0,student,0,[853]
PIP2,"['PIP3', 'Raf']","['PIP3', 'Raf', 'PIP2']",simplified,1,0.088930403630434,0.088930403630434,0.0,gumbel,0,[853]
PIP2,"['Erk', 'Raf']","['Erk', 'Raf', 'PIP2']",simplified,1,0.0,0.0,0.0,indep,0,[853]
PIP2,"['Akt', 'Raf']","['Akt', 'Raf', 'PIP2']",simplified,1,0.0,0.0,0.0,indep,0,[853]
PIP2,"['PKA', 'Raf']","['PKA', 'Raf', 'PIP2']",simplified,1,0.0,0.0,0.0,indep,0,[853]
PIP2,"['PKC', 'Raf']","['PKC', 'Raf', 'PIP2']",simplified,1,0.0,0.0,0.0,indep,0,[853]
PIP2,"['P38', 'Raf']","['P38', 'Raf', 'PIP2']",simplified,1,0.0,0.0,0.0,indep,0,[853]
PIP2,"['Jnk', 'Raf']","['Jnk', 'Raf', 'PIP2']",simplified,1,0.0,0.0,0.0,indep,0,[853]
PIP2,"['Mek', 'Plcg']","['Mek', 'Plcg', 'PIP2']",simplified,1,0.0,0.0,0.0,indep,0,[853]
PIP2,"['Mek', 'PIP3']","['PIP3', 'Mek', 'PIP2']",simplified,1,0.0891990489927041,0.0891990489927041,0.0,gumbel,0,[853]
PIP2,"['Erk', 'Mek']","['Erk', 'Mek', 'PIP2']",simplified,1,0.0,0.0,0.0,indep,0,[853]
PIP2,"['Akt', 'Mek']","['Akt', 'Mek', 'PIP2']",simplified,1,0.0,0.0,0.0,indep,0,[853]
PIP2,"['Mek', 'PKA']","['Mek', 'PKA', 'PIP2']",simplified,1,0.0,0.0,0.0,indep,0,[853]
PIP2,"['Mek', 'PKC']","['Mek', 'PKC', 'PIP2']",simplified,1,0.0,0.0,0.0,indep,0,[853]
PIP2,"['Mek', 'P38']","['Mek', 'P38', 'PIP2']",simplified,1,0.0,0.0,0.0,indep,0,[853]
PIP2,"['Jnk', 'Mek']","['Jnk', 'Mek', 'PIP2']",simplified,1,0.0,0.0,0.0,indep,0,[853]
PIP2,"['PIP3', 'Plcg']","['Plcg', 'PIP3', 'PIP2']",quantile_binned,6,0.0226679598710678,0.0330201972256784,0.0103522373546105,student,0,"[142, 141, 143, 141, 141, 145]"
PIP2,"['Erk', 'Plcg']","['Erk', 'Plcg', 'PIP2']",simplified,1,0.0,0.0,0.0,indep,0,[853]
PIP2,"['Akt', 'Plcg']","['Akt', 'Plcg', 'PIP2']",simplified,1,0.0,0.0,0.0,indep,0,[853]
PIP2,"['PKA', 'Plcg']","['PKA', 'Plcg', 'PIP2']",simplified,1,0.0,0.0,0.0,indep,0,[853]
PIP2,"['PKC', 'Plcg']","['PKC', 'Plcg', 'PIP2']",simplified,1,0.0,0.0,0.0,indep,0,[853]
PIP2,"['P38', 'Plcg']","['P38', 'Plcg', 'PIP2']",simplified,1,0.0,0.0,0.0,indep,0,[853]
PIP2,"['Jnk', 'Plcg']","['Jnk', 'Plcg', 'PIP2']",simplified,1,0.0,0.0,0.0,indep,0,[853]
PIP2,"['Erk', 'PIP3']","['Erk', 'PIP3', 'PIP2']",simplified,1,0.0,0.0,0.0,indep,0,[853]
PIP2,"['Akt', 'PIP3']","['Akt', 'PIP3', 'PIP2']",simplified,1,0.0,0.0,0.0,indep,0,[853]
PIP2,"['PIP3', 'PKA']","['PIP3', 'PKA', 'PIP2']",simplified,1,0.088930403630434,0.088930403630434,0.0011185101813996,gumbel,0,[853]
PIP2,"['PIP3', 'PKC']","['PIP3', 'PKC', 'PIP2']",simplified,1,0.088930403630434,0.088930403630434,0.0038298619230337,gumbel,0,[853]
PIP2,"['P38', 'PIP3']","['P38', 'PIP3', 'PIP2']",simplified,1,0.0,0.0,0.0,indep,0,[853]
PIP2,"['Jnk', 'PIP3']","['Jnk', 'PIP3', 'PIP2']",simplified,1,0.0,0.0,0.0,indep,0,[853]
PIP2,"['Akt', 'Erk']","['Akt', 'Erk', 'PIP2']",simplified,1,0.0,0.0,0.0,indep,0,[853]
PIP2,"['Erk', 'PKA']","['Erk', 'PKA', 'PIP2']",simplified,1,0.0,0.0,0.0,indep,0,[853]
PIP2,"['Erk', 'PKC']","['Erk', 'PKC', 'PIP2']",simplified,1,0.0,0.0,0.0,indep,0,[853]
PIP2,"['Erk', 'P38']","['Erk', 'P38', 'PIP2']",simplified,1,0.0,0.0,0.0,indep,0,[853]
PIP2,"['Erk', 'Jnk']","['Erk', 'Jnk', 'PIP2']",simplified,1,0.0,0.0,0.0,indep,0,[853]
PIP2,"['Akt', 'PKA']","['Akt', 'PKA', 'PIP2']",simplified,1,0.0,0.0,0.0,indep,0,[853]
PIP2,"['Akt', 'PKC']","['Akt', 'PKC', 'PIP2']",simplified,1,0.0,0.0,0.0,indep,0,[853]
PIP2,"['Akt', 'P38']","['Akt', 'P38', 'PIP2']",simplified,1,0.0,0.0,0.0,indep,0,[853]
PIP2,"['Akt', 'Jnk']","['Akt', 'Jnk', 'PIP2']",simplified,1,0.0,0.0,0.0,indep,0,[853]
PIP2,"['PKA', 'PKC']","['PKA', 'PKC', 'PIP2']",simplified,1,0.0,0.0,0.0,indep,0,[853]
PIP2,"['P38', 'PKA']","['P38', 'PKA', 'PIP2']",simplified,1,0.0,0.0,0.0,indep,0,[853]
PIP2,"['Jnk', 'PKA']","['Jnk', 'PKA', 'PIP2']",simplified,1,0.0,0.0,0.0,indep,0,[853]
PIP2,"['P38', 'PKC']","['P38', 'PKC', 'PIP2']",simplified,1,0.0,0.0,0.0,indep,0,[853]
PIP2,"['Jnk', 'PKC']","['Jnk', 'PKC', 'PIP2']",simplified,1,0.0,0.0,0.0,indep,0,[853]
PIP2,"['Jnk', 'P38']","['Jnk', 'P38', 'PIP2']",simplified,1,0.0,0.0,0.0,indep,0,[853]
PIP3,"['Mek', 'Raf']","['Mek', 'Raf', 'PIP3']",simplified,1,0.0,0.0,0.0,indep,0,[853]
PIP3,"['Plcg', 'Raf']","['Plcg', 'Raf', 'PIP3']",simplified,1,0.0119504049465033,0.0119504049465033,0.0037457124212256,clayton,180,[853]
PIP3,"['PIP2', 'Raf']","['PIP2', 'Raf', 'PIP3']",simplified,1,0.088930403630434,0.088930403630434,0.0,gumbel,0,[853]
PIP3,"['Erk', 'Raf']","['Erk', 'Raf', 'PIP3']",simplified,1,0.0,0.0,0.0,indep,0,[853]
PIP3,"['Akt', 'Raf']","['Akt', 'Raf', 'PIP3']",simplified,1,0.0,0.0,0.0,indep,0,[853]
PIP3,"['PKA', 'Raf']","['PKA', 'Raf', 'PIP3']",simplified,1,0.0,0.0,0.0,indep,0,[853]
PIP3,"['PKC', 'Raf']","['PKC', 'Raf', 'PIP3']",simplified,1,0.0,0.0,0.0,indep,0,[853]
PIP3,"['P38', 'Raf']","['P38', 'Raf', 'PIP3']",simplified,1,0.0,0.0,0.0,indep,0,[853]
PIP3,"['Jnk', 'Raf']","['Jnk', 'Raf', 'PIP3']",simplified,1,0.0,0.0,0.0,indep,0,[853]
PIP3,"['Mek', 'Plcg']","['Mek', 'Plcg', 'PIP3']",simplified,1,0.0,0.0,0.0,indep,0,[853]
PIP3,"['Mek', 'PIP2']","['Mek', 'PIP2', 'PIP3']",simplified,1,0.0,0.0,0.0,indep,0,[853]
PIP3,"['Erk', 'Mek']","['Erk', 'Mek', 'PIP3']",simplified,1,0.0,0.0,0.0,indep,0,[853]
PIP3,"['Akt', 'Mek']","['Akt', 'Mek', 'PIP3']",simplified,1,0.0,0.0,0.0,indep,0,[853]
PIP3,"['Mek', 'PKA']","['Mek', 'PKA', 'PIP3']",simplified,1,-0.0054447008311453,-0.0054447008311453,0.0023592882291295,clayton,180,[853]
PIP3,"['Mek', 'PKC']","['Mek', 'PKC', 'PIP3']",simplified,1,-0.0054447008311453,-0.0054447008311453,0.0,clayton,180,[853]
PIP3,"['Mek', 'P38']","['Mek', 'P38', 'PIP3']",simplified,1,-0.0054447008311453,-0.0054447008311453,0.0,clayton,180,[853]
PIP3,"['Jnk', 'Mek']","['Jnk', 'Mek', 'PIP3']",simplified,1,0.0,0.0,0.0,indep,0,[853]
PIP3,"['PIP2', 'Plcg']","['PIP2', 'Plcg', 'PIP3']",quantile_binned,6,0.0949443293759822,0.1198728768677741,0.0249285474917919,gumbel,0,"[142, 138, 143, 141, 146, 143]"
PIP3,"['Erk', 'Plcg']","['Erk', 'Plcg', 'PIP3']",simplified,1,0.0,0.0,0.0,indep,0,[853]
PIP3,"['Akt', 'Plcg']","['Akt', 'Plcg', 'PIP3']",simplified,1,0.0,0.0,0.0,indep,0,[853]
PIP3,"['PKA', 'Plcg']","['PKA', 'Plcg', 'PIP3']",simplified,1,0.0,0.0,0.0,indep,0,[853]
PIP3,"['PKC', 'Plcg']","['PKC', 'Plcg', 'PIP3']",simplified,1,0.0,0.0,0.0,indep,0,[853]
PIP3,"['P38', 'Plcg']","['P38', 'Plcg', 'PIP3']",simplified,1,0.0,0.0,0.0,indep,0,[853]
PIP3,"['Jnk', 'Plcg']","['Jnk', 'Plcg', 'PIP3']",simplified,1,0.0,0.0,0.0,indep,0,[853]
PIP3,"['Erk', 'PIP2']","['Erk', 'PIP2', 'PIP3']",simplified,1,0.0,0.0,0.0,indep,0,[853]
PIP3,"['Akt', 'PIP2']","['Akt', 'PIP2', 'PIP3']",simplified,1,0.0,0.0,0.0,indep,0,[853]
PIP3,"['PIP2', 'PKA']","['PIP2', 'PKA', 'PIP3']",simplified,1,0.088930403630434,0.088930403630434,0.0011185101813996,gumbel,0,[853]
PIP3,"['PIP2', 'PKC']","['PIP2', 'PKC', 'PIP3']",simplified,1,0.088930403630434,0.088930403630434,0.0038298619230337,gumbel,0,[853]
PIP3,"['P38', 'PIP2']","['P38', 'PIP2', 'PIP3']",simplified,1,0.0,0.0,0.0,indep,0,[853]
PIP3,"['Jnk', 'PIP2']","['Jnk', 'PIP2', 'PIP3']",simplified,1,0.0,0.0,0.0,indep,0,[853]
PIP3,"['Akt', 'Erk']","['Akt', 'Erk', 'PIP3']",simplified,1,0.0,0.0,0.0,indep,0,[853]
PIP3,"['Erk', 'PKA']","['Erk', 'PKA', 'PIP3']",simplified,1,0.0,0.0,0.0,indep,0,[853]
PIP3,"['Erk', 'PKC']","['Erk', 'PKC', 'PIP3']",simplified,1,0.0,0.0,0.0,indep,0,[853]
PIP3,"['Erk', 'P38']","['Erk', 'P38', 'PIP3']",simplified,1,0.0,0.0,0.0,indep,0,[853]
PIP3,"['Erk', 'Jnk']","['Erk', 'Jnk', 'PIP3']",simplified,1,0.0,0.0,0.0,indep,0,[853]
PIP3,"['Akt', 'PKA']","['Akt', 'PKA', 'PIP3']",simplified,1,0.0,0.0,0.0,indep,0,[853]
PIP3,"['Akt', 'PKC']","['Akt', 'PKC', 'PIP3']",simplified,1,0.0,0.0,0.0,indep,0,[853]
PIP3,"['Akt', 'P38']","['Akt', 'P38', 'PIP3']",simplified,1,0.0,0.0,0.0,indep,0,[853]
PIP3,"['Akt', 'Jnk']","['Akt', 'Jnk', 'PIP3']",simplified,1,0.0,0.0,0.0,indep,0,[853]
PIP3,"['PKA', 'PKC']","['PKA', 'PKC', 'PIP3']",simplified,1,0.0,0.0,0.0,indep,0,[853]
PIP3,"['P38', 'PKA']","['P38', 'PKA', 'PIP3']",simplified,1,0.0,0.0,0.0,indep,0,[853]
PIP3,"['Jnk', 'PKA']","['Jnk', 'PKA', 'PIP3']",simplified,1,0.0,0.0,0.0,indep,0,[853]
PIP3,"['P38', 'PKC']","['P38', 'PKC', 'PIP3']",simplified,1,0.0,0.0,0.0,indep,0,[853]
PIP3,"['Jnk', 'PKC']","['Jnk', 'PKC', 'PIP3']",simplified,1,0.0,0.0,0.0,indep,0,[853]
PIP3,"['Jnk', 'P38']","['Jnk', 'P38', 'PIP3']",simplified,1,0.0,0.0,0.0,indep,0,[853]
Erk,"['Mek', 'Raf']","['Mek', 'Raf', 'Erk']",simplified,1,0.0,0.0,0.0,indep,0,[853]
Erk,"['Plcg', 'Raf']","['Plcg', 'Raf', 'Erk']",simplified,1,0.0,0.0,0.0,indep,0,[853]
Erk,"['PIP2', 'Raf']","['PIP2', 'Raf', 'Erk']",simplified,1,0.0,0.0,0.0,indep,0,[853]
Erk,"['PIP3', 'Raf']","['PIP3', 'Raf', 'Erk']",simplified,1,0.0,0.0,0.0,indep,0,[853]
Erk,"['Akt', 'Raf']","['Akt', 'Raf', 'Erk']",simplified,1,0.6628400310736936,0.6628400310736936,0.0025628125646581,gumbel,0,[853]
Erk,"['PKA', 'Raf']","['PKA', 'Raf', 'Erk']",simplified,1,0.089032063561112,0.089032063561112,0.0,gumbel,0,[853]
Erk,"['PKC', 'Raf']","['PKC', 'Raf', 'Erk']",simplified,1,0.0,0.0,0.0,indep,0,[853]
Erk,"['P38', 'Raf']","['P38', 'Raf', 'Erk']",simplified,1,0.0,0.0,0.0,indep,0,[853]
Erk,"['Jnk', 'Raf']","['Jnk', 'Raf', 'Erk']",simplified,1,0.0,0.0,0.0,indep,0,[853]
Erk,"['Mek', 'Plcg']","['Mek', 'Plcg', 'Erk']",simplified,1,0.0,0.0,0.0,indep,0,[853]
Erk,"['Mek', 'PIP2']","['Mek', 'PIP2', 'Erk']",simplified,1,0.0,0.0,0.0,indep,0,[853]
Erk,"['Mek', 'PIP3']","['Mek', 'PIP3', 'Erk']",simplified,1,0.0,0.0,0.0,indep,0,[853]
Erk,"['Akt', 'Mek']","['Akt', 'Mek', 'Erk']",quantile_binned,5,0.6628400310736936,0.6735784347898234,0.0107384037161297,gumbel,0,"[168, 173, 170, 171, 171]"
Erk,"['Mek', 'PKA']","['Mek', 'PKA', 'Erk']",simplified,1,0.0,0.0,0.0,indep,0,[853]
Erk,"['Mek', 'PKC']","['Mek', 'PKC', 'Erk']",simplified,1,0.0,0.0,0.0,indep,0,[853]
Erk,"['Mek', 'P38']","['Mek', 'P38', 'Erk']",simplified,1,0.0,0.0,0.0,indep,0,[853]
Erk,"['Jnk', 'Mek']","['Jnk', 'Mek', 'Erk']",simplified,1,0.0,0.0,0.0,indep,0,[853]
Erk,"['PIP2', 'Plcg']","['PIP2', 'Plcg', 'Erk']",simplified,1,0.0,0.0,0.0,indep,0,[853]
Erk,"['PIP3', 'Plcg']","['PIP3', 'Plcg', 'Erk']",simplified,1,0.0,0.0,0.0,indep,0,[853]
Erk,"['Akt', 'Plcg']","['Akt', 'Plcg', 'Erk']",simplified,1,0.6628400310736936,0.6628400310736936,0.0022950421419385,gumbel,0,[853]
Erk,"['PKA', 'Plcg']","['PKA', 'Plcg', 'Erk']",simplified,1,0.089032063561112,0.089032063561112,0.003074590844661,gumbel,0,[853]
Erk,"['PKC', 'Plcg']","['PKC', 'Plcg', 'Erk']",simplified,1,0.0,0.0,0.0,indep,0,[853]
Erk,"['P38', 'Plcg']","['P38', 'Plcg', 'Erk']",simplified,1,0.0,0.0,0.0,indep,0,[853]
Erk,"['Jnk', 'Plcg']","['Jnk', 'Plcg', 'Erk']",simplified,1,0.0,0.0,0.0,indep,0,[853]
Erk,"['PIP2', 'PIP3']","['PIP2', 'PIP3', 'Erk']",simplified,1,0.0,0.0,0.0,indep,0,[853]
Erk,"['Akt', 'PIP2']","['Akt', 'PIP2', 'Erk']",simplified,1,0.6628400310736936,0.6628400310736936,2.162077688216968e-05,gumbel,0,[853]
Erk,"['PIP2', 'PKA']","['PIP2', 'PKA', 'Erk']",simplified,1,0.0,0.0,0.0,indep,0,[853]
Erk,"['PIP2', 'PKC']","['PIP2', 'PKC', 'Erk']",simplified,1,0.0,0.0,0.0,indep,0,[853]
Erk,"['P38', 'PIP2']","['P38', 'PIP2', 'Erk']",simplified,1,0.0,0.0,0.0,indep,0,[853]
Erk,"['Jnk', 'PIP2']","['Jnk', 'PIP2', 'Erk']",simplified,1,0.0,0.0,0.0,indep,0,[853]
Erk,"['Akt', 'PIP3']","['Akt', 'PIP3', 'Erk']",simplified,1,0.6628400310736936,0.6628400310736936,0.0,gumbel,0,[853]
Erk,"['PIP3', 'PKA']","['PIP3', 'PKA', 'Erk']",simplified,1,0.0,0.0,0.0,indep,0,[853]
Erk,"['PIP3', 'PKC']","['PIP3', 'PKC', 'Erk']",simplified,1,0.0,0.0,0.0,indep,0,[853]
Erk,"['P38', 'PIP3']","['P38', 'PIP3', 'Erk']",simplified,1,0.0,0.0,0.0,indep,0,[853]
Erk,"['Jnk', 'PIP3']","['Jnk', 'PIP3', 'Erk']",simplified,1,0.0,0.0,0.0,indep,0,[853]
Erk,"['Akt', 'PKA']","['PKA', 'Akt', 'Erk']",quantile_binned,5,0.0349608687650801,0.0467941726145025,0.0118333038494223,student,0,"[166, 171, 169, 176, 171]"
Erk,"['Akt', 'PKC']","['Akt', 'PKC', 'Erk']",simplified,1,0.6628400310736936,0.6628400310736936,0.0002403371503035,gumbel,0,[853]
Erk,"['Akt', 'P38']","['Akt', 'P38', 'Erk']",quantile_binned,5,0.6628400310736936,0.6702296892925554,0.0073896582188618,gumbel,0,"[171, 168, 172, 171, 171]"
Erk,"['Akt', 'Jnk']","['Akt', 'Jnk', 'Erk']",simplified,1,0.6628400310736936,0.6628400310736936,0.0019578094799213,gumbel,0,[853]
Erk,"['PKA', 'PKC']","['PKA', 'PKC', 'Erk']",simplified,1,0.089032063561112,0.089032063561112,0.0,gumbel,0,[853]
Erk,"['P38', 'PKA']","['P38', 'PKA', 'Erk']",simplified,1,0.0,0.0,0.0,indep,0,[853]
Erk,"['Jnk', 'PKA']","['Jnk', 'PKA', 'Erk']",simplified,1,0.0,0.0,0.0,indep,0,[853]
Erk,"['P38', 'PKC']","['P38', 'PKC', 'Erk']",simplified,1,0.0,0.0,0.0,indep,0,[853]
Erk,"['Jnk', 'PKC']","['Jnk', 'PKC', 'Erk']",simplified,1,0.0,0.0,0.0,indep,0,[853]
Erk,"['Jnk', 'P38']","['Jnk', 'P38', 'Erk']",simplified,1,0.0,0.0,0.0,indep,0,[853]
Akt,"['Mek', 'Raf']","['Mek', 'Raf', 'Akt']",simplified,1,0.0,0.0,0.0,indep,0,[853]
Akt,"['Plcg', 'Raf']","['Plcg', 'Raf', 'Akt']",simplified,1,0.0,0.0,0.0,indep,0,[853]
Akt,"['PIP2', 'Raf']","['PIP2', 'Raf', 'Akt']",simplified,1,0.0,0.0,0.0,indep,0,[853]
Akt,"['PIP3', 'Raf']","['PIP3', 'Raf', 'Akt']",simplified,1,0.0,0.0,0.0,indep,0,[853]
Akt,"['Erk', 'Raf']","['Erk', 'Raf', 'Akt']",simplified,1,0.6628400310736936,0.6628400310736936,0.0025628125646581,gumbel,0,[853]
Akt,"['PKA', 'Raf']","['PKA', 'Raf', 'Akt']",quantile_binned,6,0.1163539925575082,0.1287397574395537,0.0123857648820454,clayton,180,"[141, 142, 140, 141, 146, 143]"
Akt,"['PKC', 'Raf']","['PKC', 'Raf', 'Akt']",simplified,1,0.0,0.0,0.0,indep,0,[853]
Akt,"['P38', 'Raf']","['P38', 'Raf', 'Akt']",simplified,1,0.0,0.0,0.0,indep,0,[853]
Akt,"['Jnk', 'Raf']","['Jnk', 'Raf', 'Akt']",simplified,1,0.0,0.0,0.0,indep,0,[853]
Akt,"['Mek', 'Plcg']","['Mek', 'Plcg', 'Akt']",simplified,1,0.0,0.0,0.0,indep,0,[853]
Akt,"['Mek', 'PIP2']","['Mek', 'PIP2', 'Akt']",simplified,1,0.0,0.0,0.0,indep,0,[853]
Akt,"['Mek', 'PIP3']","['Mek', 'PIP3', 'Akt']",simplified,1,0.0,0.0,0.0,indep,0,[853]
Akt,"['Erk', 'Mek']","['Erk', 'Mek', 'Akt']",quantile_binned,5,0.6628400310736936,0.6735784347898234,0.0107384037161297,gumbel,0,"[168, 173, 170, 171, 171]"
Akt,"['Mek', 'PKA']","['Mek', 'PKA', 'Akt']",simplified,1,0.0,0.0,0.0,indep,0,[853]
Akt,"['Mek', 'PKC']","['Mek', 'PKC', 'Akt']",simplified,1,0.0,0.0,0.0,indep,0,[853]
Akt,"['Mek', 'P38']","['Mek', 'P38', 'Akt']",simplified,1,0.0,0.0,0.0,indep,0,[853]
Akt,"['Jnk', 'Mek']","['Jnk', 'Mek', 'Akt']",simplified,1,0.0,0.0,0.0,indep,0,[853]
Akt,"['PIP2', 'Plcg']","['PIP2', 'Plcg', 'Akt']",simplified,1,0.0,0.0,0.0,indep,0,[853]
Akt,"['PIP3', 'Plcg']","['PIP3', 'Plcg', 'Akt']",simplified,1,0.0,0.0,0.0,indep,0,[853]
Akt,"['Erk', 'Plcg']","['Erk', 'Plcg', 'Akt']",simplified,1,0.6628400310736936,0.6628400310736936,0.0022950421419385,gumbel,0,[853]
Akt,"['PKA', 'Plcg']","['PKA', 'Plcg', 'Akt']",simplified,1,0.1163539925575082,0.1163539925575082,0.0012275207633645,clayton,180,[853]
Akt,"['PKC', 'Plcg']","['PKC', 'Plcg', 'Akt']",simplified,1,0.0,0.0,0.0,indep,0,[853]
Akt,"['P38', 'Plcg']","['P38', 'Plcg', 'Akt']",simplified,1,0.0,0.0,0.0,indep,0,[853]
Akt,"['Jnk', 'Plcg']","['Jnk', 'Plcg', 'Akt']",simplified,1,0.0,0.0,0.0,indep,0,[853]
Akt,"['PIP2', 'PIP3']","['PIP2', 'PIP3', 'Akt']",simplified,1,0.0,0.0,0.0,indep,0,[853]
Akt,"['Erk', 'PIP2']","['Erk', 'PIP2', 'Akt']",simplified,1,0.6628400310736936,0.6628400310736936,2.162077688216968e-05,gumbel,0,[853]
Akt,"['PIP2', 'PKA']","['PIP2', 'PKA', 'Akt']",simplified,1,0.0,0.0,0.0,indep,0,[853]
Akt,"['PIP2', 'PKC']","['PIP2', 'PKC', 'Akt']",simplified,1,0.0,0.0,0.0,indep,0,[853]
Akt,"['P38', 'PIP2']","['P38', 'PIP2', 'Akt']",simplified,1,0.0,0.0,0.0,indep,0,[853]
Akt,"['Jnk', 'PIP2']","['Jnk', 'PIP2', 'Akt']",simplified,1,0.0,0.0,0.0,indep,0,[853]
Akt,"['Erk', 'PIP3']","['Erk', 'PIP3', 'Akt']",simplified,1,0.6628400310736936,0.6628400310736936,0.0,gumbel,0,[853]
Akt,"['PIP3', 'PKA']","['PIP3', 'PKA', 'Akt']",simplified,1,0.0,0.0,0.0,indep,0,[853]
Akt,"['PIP3', 'PKC']","['PIP3', 'PKC', 'Akt']",simplified,1,0.0,0.0,0.0,indep,0,[853]
Akt,"['P38', 'PIP3']","['P38', 'PIP3', 'Akt']",simplified,1,0.0,0.0,0.0,indep,0,[853]
Akt,"['Jnk', 'PIP3']","['Jnk', 'PIP3', 'Akt']",simplified,1,0.0,0.0,0.0,indep,0,[853]
Akt,"['Erk', 'PKA']","['PKA', 'Erk', 'Akt']",simplified,1,-0.0181487957461802,-0.0181487957461802,0.0,clayton,180,[853]
Akt,"['Erk', 'PKC']","['Erk', 'PKC', 'Akt']",simplified,1,0.6628400310736936,0.6628400310736936,0.0002403371503035,gumbel,0,[853]
Akt,"['Erk', 'P38']","['Erk', 'P38', 'Akt']",quantile_binned,5,0.6628400310736936,0.6702296892925554,0.0073896582188618,gumbel,0,"[171, 168, 172, 171, 171]"
Akt,"['Erk', 'Jnk']","['Erk', 'Jnk', 'Akt']",simplified,1,0.6628400310736936,0.6628400310736936,0.0019578094799213,gumbel,0,[853]
Akt,"['PKA', 'PKC']","['PKA', 'PKC', 'Akt']",simplified,1,0.1163539925575082,0.1163539925575082,0.0019186356729748,clayton,180,[853]
Akt,"['P38', 'PKA']","['P38', 'PKA', 'Akt']",simplified,1,0.0,0.0,0.0,indep,0,[853]
Akt,"['Jnk', 'PKA']","['Jnk', 'PKA', 'Akt']",simplified,1,0.0,0.0,0.0,indep,0,[853]
Akt,"['P38', 'PKC']","['P38', 'PKC', 'Akt']",simplified,1,0.0,0.0,0.0,indep,0,[853]
Akt,"['Jnk', 'PKC']","['Jnk', 'PKC', 'Akt']",simplified,1,0.0,0.0,0.0,indep,0,[853]
Akt,"['Jnk', 'P38']","['Jnk', 'P38', 'Akt']",simplified,1,0.0,0.0,0.0,indep,0,[853]
PKA,"['Mek', 'Raf']","['Mek', 'Raf', 'PKA']",simplified,1,0.0,0.0,0.0,indep,0,[853]
PKA,"['Plcg', 'Raf']","['Plcg', 'Raf', 'PKA']",simplified,1,0.0,0.0,0.0,indep,0,[853]
PKA,"['PIP2', 'Raf']","['PIP2', 'Raf', 'PKA']",simplified,1,0.0,0.0,0.0,indep,0,[853]
PKA,"['PIP3', 'Raf']","['PIP3', 'Raf', 'PKA']",simplified,1,0.0,0.0,0.0,indep,0,[853]
PKA,"['Erk', 'Raf']","['Erk', 'Raf', 'PKA']",simplified,1,0.089032063561112,0.089032063561112,0.0,gumbel,0,[853]
PKA,"['Akt', 'Raf']","['Akt', 'Raf', 'PKA']",quantile_binned,6,0.1163539925575082,0.1287397574395537,0.0123857648820454,clayton,180,"[141, 142, 140, 141, 146, 143]"
PKA,"['PKC', 'Raf']","['PKC', 'Raf', 'PKA']",simplified,1,0.0,0.0,0.0,indep,0,[853]
PKA,"['P38', 'Raf']","['P38', 'Raf', 'PKA']",simplified,1,0.0,0.0,0.0,indep,0,[853]
PKA,"['Jnk', 'Raf']","['Jnk', 'Raf', 'PKA']",simplified,1,0.0,0.0,0.0,indep,0,[853]
PKA,"['Mek', 'Plcg']","['Mek', 'Plcg', 'PKA']",simplified,1,0.0,0.0,0.0,indep,0,[853]
PKA,"['Mek', 'PIP2']","['Mek', 'PIP2', 'PKA']",simplified,1,0.0,0.0,0.0,indep,0,[853]
PKA,"['Mek', 'PIP3']","['Mek', 'PIP3', 'PKA']",simplified,1,0.0,0.0,0.0,indep,0,[853]
PKA,"['Erk', 'Mek']","['Erk', 'Mek', 'PKA']",simplified,1,0.089032063561112,0.089032063561112,0.0,gumbel,0,[853]
PKA,"['Akt', 'Mek']","['Akt', 'Mek', 'PKA']",simplified,1,0.1163539925575082,0.1163539925575082,0.0025064383142375,clayton,180,[853]
PKA,"['Mek', 'PKC']","['Mek', 'PKC', 'PKA']",simplified,1,0.0,0.0,0.0,indep,0,[853]
PKA,"['Mek', 'P38']","['Mek', 'P38', 'PKA']",simplified,1,0.0,0.0,0.0,indep,0,[853]
PKA,"['Jnk', 'Mek']","['Jnk', 'Mek', 'PKA']",simplified,1,0.0,0.0,0.0,indep,0,[853]
PKA,"['PIP2', 'Plcg']","['PIP2', 'Plcg', 'PKA']",simplified,1,0.0,0.0,0.0,indep,0,[853]
PKA,"['PIP3', 'Plcg']","['PIP3', 'Plcg', 'PKA']",simplified,1,0.0,0.0,0.0,indep,0,[853]
PKA,"['Erk', 'Plcg']","['Erk', 'Plcg', 'PKA']",simplified,1,0.089032063561112,0.089032063561112,0.003074590844661,gumbel,0,[853]
PKA,"['Akt', 'Plcg']","['Akt', 'Plcg', 'PKA']",simplified,1,0.1163539925575082,0.1163539925575082,0.0012275207633645,clayton,180,[853]
PKA,"['PKC', 'Plcg']","['PKC', 'Plcg', 'PKA']",simplified,1,0.0,0.0,0.0,indep,0,[853]
PKA,"['P38', 'Plcg']","['P38', 'Plcg', 'PKA']",simplified,1,0.0,0.0,0.0,indep,0,[853]
PKA,"['Jnk', 'Plcg']","['Jnk', 'Plcg', 'PKA']",simplified,1,0.0,0.0,0.0,indep,0,[853]
PKA,"['PIP2', 'PIP3']","['PIP2', 'PIP3', 'PKA']",simplified,1,0.0,0.0,0.0,indep,0,[853]
PKA,"['Erk', 'PIP2']","['Erk', 'PIP2', 'PKA']",simplified,1,0.089032063561112,0.089032063561112,0.0022892279340843,gumbel,0,[853]
PKA,"['Akt', 'PIP2']","['Akt', 'PIP2', 'PKA']",simplified,1,0.1163539925575082,0.1163539925575082,0.0003596569666827,clayton,180,[853]
PKA,"['PIP2', 'PKC']","['PIP2', 'PKC', 'PKA']",simplified,1,0.0,0.0,0.0,indep,0,[853]
PKA,"['P38', 'PIP2']","['P38', 'PIP2', 'PKA']",simplified,1,0.0,0.0,0.0,indep,0,[853]
PKA,"['Jnk', 'PIP2']","['Jnk', 'PIP2', 'PKA']",simplified,1,0.0,0.0,0.0,indep,0,[853]
PKA,"['Erk', 'PIP3']","['Erk', 'PIP3', 'PKA']",simplified,1,0.089032063561112,0.089032063561112,0.0,gumbel,0,[853]
PKA,"['Akt', 'PIP3']","['Akt', 'PIP3', 'PKA']",simplified,1,0.1163539925575082,0.1163539925575082,0.0,clayton,180,[853]
PKA,"['PIP3', 'PKC']","['PIP3', 'PKC', 'PKA']",simplified,1,0.0,0.0,0.0,indep,0,[853]
PKA,"['P38', 'PIP3']","['P38', 'PIP3', 'PKA']",simplified,1,0.0,0.0,0.0,indep,0,[853]
PKA,"['Jnk', 'PIP3']","['Jnk', 'PIP3', 'PKA']",simplified,1,0.0,0.0,0.0,indep,0,[853]
PKA,"['Akt', 'Erk']","['Erk', 'Akt', 'PKA']",quantile_binned,5,0.0349608687650801,0.0467941726145025,0.0118333038494223,student,0,"[166, 171, 169, 176, 171]"
PKA,"['Erk', 'PKC']","['Erk', 'PKC', 'PKA']",simplified,1,0.089032063561112,0.089032063561112,0.0,gumbel,0,[853]
PKA,"['Erk', 'P38']","['Erk', 'P38', 'PKA']",simplified,1,0.089032063561112,0.089032063561112,0.0,gumbel,0,[853]
PKA,"['Erk', 'Jnk']","['Erk', 'Jnk', 'PKA']",simplified,1,0.089032063561112,0.089032063561112,0.0047726000549092,gumbel,0,[853]
PKA,"['Akt', 'PKC']","['Akt', 'PKC', 'PKA']",simplified,1,0.1163539925575082,0.1163539925575082,0.0019186356729748,clayton,180,[853]
PKA,"['Akt', 'P38']","['Akt', 'P38', 'PKA']",simplified,1,0.1163539925575082,0.1163539925575082,0.0,clayton,180,[853]
PKA,"['Akt', 'Jnk']","['Akt', 'Jnk', 'PKA']",quantile_binned,6,0.1163539925575082,0.1238299477301571,0.0074759551726488,clayton,180,"[142, 140, 144, 137, 146, 144]"
PKA,"['P38', 'PKC']","['P38', 'PKC', 'PKA']",simplified,1,0.0,0.0,0.0,indep,0,[853]
PKA,"['Jnk', 'PKC']","['Jnk', 'PKC', 'PKA']",simplified,1,0.0,0.0,0.0,indep,0,[853]
PKA,"['Jnk', 'P38']","['Jnk', 'P38', 'PKA']",simplified,1,0.0,0.0,0.0,indep,0,[853]
PKC,"['Mek', 'Raf']","['Mek', 'Raf', 'PKC']",simplified,1,0.0,0.0,0.0,indep,0,[853]
PKC,"['Plcg', 'Raf']","['Plcg', 'Raf', 'PKC']",simplified,1,0.0,0.0,0.0,indep,0,[853]
PKC,"['PIP2', 'Raf']","['PIP2', 'Raf', 'PKC']",simplified,1,0.0,0.0,0.0,indep,0,[853]
PKC,"['PIP3', 'Raf']","['PIP3', 'Raf', 'PKC']",simplified,1,0.0,0.0,0.0,indep,0,[853]
PKC,"['Erk', 'Raf']","['Erk', 'Raf', 'PKC']",simplified,1,0.0,0.0,0.0,indep,0,[853]
PKC,"['Akt', 'Raf']","['Akt', 'Raf', 'PKC']",simplified,1,0.0,0.0,0.0,indep,0,[853]
PKC,"['PKA', 'Raf']","['PKA', 'Raf', 'PKC']",simplified,1,0.0,0.0,0.0,indep,0,[853]
PKC,"['P38', 'Raf']","['P38', 'Raf', 'PKC']",quantile_binned,5,0.4809706042928587,0.4940735933474913,0.0131029890546326,student,0,"[166, 175, 168, 166, 178]"
PKC,"['Jnk', 'Raf']","['Jnk', 'Raf', 'PKC']",simplified,1,0.0158204308572514,0.0158204308572514,0.0020781151232054,clayton,90,[853]
PKC,"['Mek', 'Plcg']","['Mek', 'Plcg', 'PKC']",simplified,1,0.0,0.0,0.0,indep,0,[853]
PKC,"['Mek', 'PIP2']","['Mek', 'PIP2', 'PKC']",simplified,1,0.0,0.0,0.0,indep,0,[853]
PKC,"['Mek', 'PIP3']","['Mek', 'PIP3', 'PKC']",simplified,1,0.0,0.0,0.0,indep,0,[853]
PKC,"['Erk', 'Mek']","['Erk', 'Mek', 'PKC']",simplified,1,0.0,0.0,0.0,indep,0,[853]
PKC,"['Akt', 'Mek']","['Akt', 'Mek', 'PKC']",simplified,1,0.0,0.0,0.0,indep,0,[853]
PKC,"['Mek', 'PKA']","['Mek', 'PKA', 'PKC']",simplified,1,0.0,0.0,0.0,indep,0,[853]
PKC,"['Mek', 'P38']","['Mek', 'P38', 'PKC']",simplified,1,0.0,0.0,0.0,indep,0,[853]
PKC,"['Jnk', 'Mek']","['Jnk', 'Mek', 'PKC']",quantile_binned,6,0.0158204308572514,0.0286406266506332,0.0128201957933817,clayton,90,"[137, 144, 140, 147, 142, 143]"
PKC,"['PIP2', 'Plcg']","['PIP2', 'Plcg', 'PKC']",simplified,1,0.0,0.0,0.0,indep,0,[853]
PKC,"['PIP3', 'Plcg']","['PIP3', 'Plcg', 'PKC']",simplified,1,0.0,0.0,0.0,indep,0,[853]
PKC,"['Erk', 'Plcg']","['Erk', 'Plcg', 'PKC']",simplified,1,0.0,0.0,0.0,indep,0,[853]
PKC,"['Akt', 'Plcg']","['Akt', 'Plcg', 'PKC']",simplified,1,0.0,0.0,0.0,indep,0,[853]
PKC,"['PKA', 'Plcg']","['PKA', 'Plcg', 'PKC']",simplified,1,0.0,0.0,0.0,indep,0,[853]
PKC,"['P38', 'Plcg']","['P38', 'Plcg', 'PKC']",simplified,1,0.4809706042928587,0.4809706042928587,0.0039037591395424,student,0,[853]
PKC,"['Jnk', 'Plcg']","['Jnk', 'Plcg', 'PKC']",simplified,1,0.0158204308572514,0.0158204308572514,0.0,clayton,90,[853]
PKC,"['PIP2', 'PIP3']","['PIP2', 'PIP3', 'PKC']",simplified,1,0.0,0.0,0.0,indep,0,[853]
PKC,"['Erk', 'PIP2']","['Erk', 'PIP2', 'PKC']",simplified,1,0.0,0.0,0.0,indep,0,[853]
PKC,"['Akt', 'PIP2']","['Akt', 'PIP2', 'PKC']",simplified,1,0.0,0.0,0.0,indep,0,[853]
PKC,"['PIP2', 'PKA']","['PIP2', 'PKA', 'PKC']",simplified,1,0.0,0.0,0.0,indep,0,[853]
PKC,"['P38', 'PIP2']","['P38', 'PIP2', 'PKC']",simplified,1,0.4809706042928587,0.4809706042928587,0.0048392675527575,student,0,[853]
PKC,"['Jnk', 'PIP2']","['Jnk', 'PIP2', 'PKC']",quantile_binned,5,0.0158204308572514,0.0224003190488398,0.0065798881915884,clayton,90,"[171, 170, 170, 171, 171]"
PKC,"['Erk', 'PIP3']","['Erk', 'PIP3', 'PKC']",simplified,1,0.0,0.0,0.0,indep,0,[853]
PKC,"['Akt', 'PIP3']","['Akt', 'PIP3', 'PKC']",simplified,1,0.0,0.0,0.0,indep,0,[853]
PKC,"['PIP3', 'PKA']","['PIP3', 'PKA', 'PKC']",simplified,1,0.0,0.0,0.0,indep,0,[853]
PKC,"['P38', 'PIP3']","['P38', 'PIP3', 'PKC']",simplified,1,0.4809706042928587,0.4809706042928587,0.0,student,0,[853]
PKC,"['Jnk', 'PIP3']","['Jnk', 'PIP3', 'PKC']",quantile_binned,5,0.0158204308572514,0.0389053290959735,0.023084898238722,clayton,90,"[170, 171, 168, 172, 172]"
PKC,"['Akt', 'Erk']","['Akt', 'Erk', 'PKC']",simplified,1,0.0,0.0,0.0,indep,0,[853]
PKC,"['Erk', 'PKA']","['Erk', 'PKA', 'PKC']",simplified,1,0.0,0.0,0.0,indep,0,[853]
PKC,"['Erk', 'P38']","['Erk', 'P38', 'PKC']",simplified,1,0.0,0.0,0.0,indep,0,[853]
PKC,"['Erk', 'Jnk']","['Erk', 'Jnk', 'PKC']",simplified,1,0.0,0.0,0.0,indep,0,[853]
PKC,"['Akt', 'PKA']","['Akt', 'PKA', 'PKC']",simplified,1,0.0,0.0,0.0,indep,0,[853]
PKC,"['Akt', 'P38']","['Akt', 'P38', 'PKC']",simplified,1,0.0,0.0,0.0,indep,0,[853]
PKC,"['Akt', 'Jnk']","['Akt', 'Jnk', 'PKC']",simplified,1,0.0,0.0,0.0,indep,0,[853]
PKC,"['P38', 'PKA']","['P38', 'PKA', 'PKC']",simplified,1,0.4809706042928587,0.4809706042928587,0.0,student,0,[853]
PKC,"['Jnk', 'PKA']","['Jnk', 'PKA', 'PKC']",quantile_binned,5,0.0158204308572514,0.0229301593644357,0.0071097285071842,clayton,90,"[169, 169, 172, 171, 172]"
PKC,"['Jnk', 'P38']","['Jnk', 'P38', 'PKC']",quantile_binned,6,0.0693426676453746,0.1416004989521044,0.0722578313067298,student,0,"[140, 139, 147, 142, 137, 148]"
P38,"['Mek', 'Raf']","['Mek', 'Raf', 'P38']",simplified,1,0.0,0.0,0.0,indep,0,[853]
P38,"['Plcg', 'Raf']","['Plcg', 'Raf', 'P38']",simplified,1,0.0,0.0,0.0,indep,0,[853]
P38,"['PIP2', 'Raf']","['PIP2', 'Raf', 'P38']",simplified,1,0.0,0.0,0.0,indep,0,[853]
P38,"['PIP3', 'Raf']","['PIP3', 'Raf', 'P38']",simplified,1,0.0,0.0,0.0,indep,0,[853]
P38,"['Erk', 'Raf']","['Erk', 'Raf', 'P38']",simplified,1,0.0,0.0,0.0,indep,0,[853]
P38,"['Akt', 'Raf']","['Akt', 'Raf', 'P38']",simplified,1,0.0,0.0,0.0,indep,0,[853]
P38,"['PKA', 'Raf']","['PKA', 'Raf', 'P38']",simplified,1,0.0,0.0,0.0,indep,0,[853]
P38,"['PKC', 'Raf']","['PKC', 'Raf', 'P38']",quantile_binned,5,0.4809706042928587,0.4940735933474913,0.0131029890546326,student,0,"[166, 175, 168, 166, 178]"
P38,"['Jnk', 'Raf']","['Jnk', 'Raf', 'P38']",simplified,1,0.0,0.0,0.0,indep,0,[853]
P38,"['Mek', 'Plcg']","['Mek', 'Plcg', 'P38']",simplified,1,0.0,0.0,0.0,indep,0,[853]
P38,"['Mek', 'PIP2']","['Mek', 'PIP2', 'P38']",simplified,1,0.0,0.0,0.0,indep,0,[853]
P38,"['Mek', 'PIP3']","['Mek', 'PIP3', 'P38']",simplified,1,0.0,0.0,0.0,indep,0,[853]
P38,"['Erk', 'Mek']","['Erk', 'Mek', 'P38']",simplified,1,0.0,0.0,0.0,indep,0,[853]
P38,"['Akt', 'Mek']","['Akt', 'Mek', 'P38']",simplified,1,0.0,0.0,0.0,indep,0,[853]
P38,"['Mek', 'PKA']","['Mek', 'PKA', 'P38']",simplified,1,0.0,0.0,0.0,indep,0,[853]
P38,"['Mek', 'PKC']","['Mek', 'PKC', 'P38']",simplified,1,0.0,0.0,0.0,indep,0,[853]
P38,"['Jnk', 'Mek']","['Jnk', 'Mek', 'P38']",simplified,1,0.0,0.0,0.0,indep,0,[853]
P38,"['PIP2', 'Plcg']","['PIP2', 'Plcg', 'P38']",simplified,1,0.0,0.0,0.0,indep,0,[853]
P38,"['PIP3', 'Plcg']","['PIP3', 'Plcg', 'P38']",simplified,1,0.0,0.0,0.0,indep,0,[853]
P38,"['Erk', 'Plcg']","['Erk', 'Plcg', 'P38']",simplified,1,0.0,0.0,0.0,indep,0,[853]
P38,"['Akt', 'Plcg']","['Akt', 'Plcg', 'P38']",simplified,1,0.0,0.0,0.0,indep,0,[853]
P38,"['PKA', 'Plcg']","['PKA', 'Plcg', 'P38']",simplified,1,0.0,0.0,0.0,indep,0,[853]
P38,"['PKC', 'Plcg']","['PKC', 'Plcg', 'P38']",simplified,1,0.4809706042928587,0.4809706042928587,0.0039037591395424,student,0,[853]
P38,"['Jnk', 'Plcg']","['Jnk', 'Plcg', 'P38']",simplified,1,0.0,0.0,0.0,indep,0,[853]
P38,"['PIP2', 'PIP3']","['PIP2', 'PIP3', 'P38']",simplified,1,0.0,0.0,0.0,indep,0,[853]
P38,"['Erk', 'PIP2']","['Erk', 'PIP2', 'P38']",simplified,1,0.0,0.0,0.0,indep,0,[853]
P38,"['Akt', 'PIP2']","['Akt', 'PIP2', 'P38']",simplified,1,0.0,0.0,0.0,indep,0,[853]
P38,"['PIP2', 'PKA']","['PIP2', 'PKA', 'P38']",simplified,1,0.0,0.0,0.0,indep,0,[853]
P38,"['PIP2', 'PKC']","['PIP2', 'PKC', 'P38']",simplified,1,0.0,0.0,0.0,indep,0,[853]
P38,"['Jnk', 'PIP2']","['Jnk', 'PIP2', 'P38']",simplified,1,0.0,0.0,0.0,indep,0,[853]
P38,"['Erk', 'PIP3']","['Erk', 'PIP3', 'P38']",simplified,1,0.0,0.0,0.0,indep,0,[853]
P38,"['Akt', 'PIP3']","['Akt', 'PIP3', 'P38']",simplified,1,0.0,0.0,0.0,indep,0,[853]
P38,"['PIP3', 'PKA']","['PIP3', 'PKA', 'P38']",simplified,1,0.0,0.0,0.0,indep,0,[853]
P38,"['PIP3', 'PKC']","['PIP3', 'PKC', 'P38']",simplified,1,0.0,0.0,0.0,indep,0,[853]
P38,"['Jnk', 'PIP3']","['Jnk', 'PIP3', 'P38']",simplified,1,0.0,0.0,0.0,indep,0,[853]
P38,"['Akt', 'Erk']","['Akt', 'Erk', 'P38']",simplified,1,0.0,0.0,0.0,indep,0,[853]
P38,"['Erk', 'PKA']","['Erk', 'PKA', 'P38']",simplified,1,0.0,0.0,0.0,indep,0,[853]
P38,"['Erk', 'PKC']","['Erk', 'PKC', 'P38']",simplified,1,0.0,0.0,0.0,indep,0,[853]
P38,"['Erk', 'Jnk']","['Erk', 'Jnk', 'P38']",simplified,1,0.0,0.0,0.0,indep,0,[853]
P38,"['Akt', 'PKA']","['Akt', 'PKA', 'P38']",simplified,1,0.0,0.0,0.0,indep,0,[853]
P38,"['Akt', 'PKC']","['Akt', 'PKC', 'P38']",simplified,1,0.0,0.0,0.0,indep,0,[853]
P38,"['Akt', 'Jnk']","['Akt', 'Jnk', 'P38']",simplified,1,0.0,0.0,0.0,indep,0,[853]
P38,"['PKA', 'PKC']","['PKA', 'PKC', 'P38']",simplified,1,0.0,0.0,0.0,indep,0,[853]
P38,"['Jnk', 'PKA']","['Jnk', 'PKA', 'P38']",simplified,1,0.0,0.0,0.0,indep,0,[853]
P38,"['Jnk', 'PKC']","['Jnk', 'PKC', 'P38']",quantile_binned,5,0.0551396898528686,0.126369337414047,0.0712296475611784,student,0,"[171, 168, 171, 169, 174]"
Jnk,"['Mek', 'Raf']","['Mek', 'Raf', 'Jnk']",simplified,1,0.0,0.0,0.0,indep,0,[853]
Jnk,"['Plcg', 'Raf']","['Plcg', 'Raf', 'Jnk']",simplified,1,0.0,0.0,0.0,indep,0,[853]
Jnk,"['PIP2', 'Raf']","['PIP2', 'Raf', 'Jnk']",simplified,1,0.0,0.0,0.0,indep,0,[853]
Jnk,"['PIP3', 'Raf']","['PIP3', 'Raf', 'Jnk']",simplified,1,0.0,0.0,0.0,indep,0,[853]
Jnk,"['Erk', 'Raf']","['Erk', 'Raf', 'Jnk']",simplified,1,0.0,0.0,0.0,indep,0,[853]
Jnk,"['Akt', 'Raf']","['Akt', 'Raf', 'Jnk']",simplified,1,0.0,0.0,0.0,indep,0,[853]
Jnk,"['PKA', 'Raf']","['PKA', 'Raf', 'Jnk']",simplified,1,0.0,0.0,0.0,indep,0,[853]
Jnk,"['PKC', 'Raf']","['PKC', 'Raf', 'Jnk']",simplified,1,0.0158204308572514,0.0158204308572514,0.0020781151232054,clayton,270,[853]
Jnk,"['P38', 'Raf']","['P38', 'Raf', 'Jnk']",simplified,1,0.0,0.0,0.0,indep,0,[853]
Jnk,"['Mek', 'Plcg']","['Mek', 'Plcg', 'Jnk']",simplified,1,0.0,0.0,0.0,indep,0,[853]
Jnk,"['Mek', 'PIP2']","['Mek', 'PIP2', 'Jnk']",simplified,1,0.0,0.0,0.0,indep,0,[853]
Jnk,"['Mek', 'PIP3']","['Mek', 'PIP3', 'Jnk']",simplified,1,0.0,0.0,0.0,indep,0,[853]
Jnk,"['Erk', 'Mek']","['Erk', 'Mek', 'Jnk']",simplified,1,0.0,0.0,0.0,indep,0,[853]
Jnk,"['Akt', 'Mek']","['Akt', 'Mek', 'Jnk']",simplified,1,0.0,0.0,0.0,indep,0,[853]
Jnk,"['Mek', 'PKA']","['Mek', 'PKA', 'Jnk']",simplified,1,0.0,0.0,0.0,indep,0,[853]
Jnk,"['Mek', 'PKC']","['Mek', 'PKC', 'Jnk']",simplified,1,0.0,0.0,0.0,indep,0,[853]
Jnk,"['Mek', 'P38']","['Mek', 'P38', 'Jnk']",simplified,1,0.0,0.0,0.0,indep,0,[853]
Jnk,"['PIP2', 'Plcg']","['PIP2', 'Plcg', 'Jnk']",simplified,1,0.0,0.0,0.0,indep,0,[853]
Jnk,"['PIP3', 'Plcg']","['PIP3', 'Plcg', 'Jnk']",simplified,1,0.0,0.0,0.0,indep,0,[853]
Jnk,"['Erk', 'Plcg']","['Erk', 'Plcg', 'Jnk']",simplified,1,0.0,0.0,0.0,indep,0,[853]
Jnk,"['Akt', 'Plcg']","['Akt', 'Plcg', 'Jnk']",simplified,1,0.0,0.0,0.0,indep,0,[853]
Jnk,"['PKA', 'Plcg']","['PKA', 'Plcg', 'Jnk']",simplified,1,0.0,0.0,0.0,indep,0,[853]
Jnk,"['PKC', 'Plcg']","['PKC', 'Plcg', 'Jnk']",simplified,1,0.0158204308572514,0.0158204308572514,0.0,clayton,270,[853]
Jnk,"['P38', 'Plcg']","['P38', 'Plcg', 'Jnk']",simplified,1,0.0,0.0,0.0,indep,0,[853]
Jnk,"['PIP2', 'PIP3']","['PIP2', 'PIP3', 'Jnk']",simplified,1,0.0,0.0,0.0,indep,0,[853]
Jnk,"['Erk', 'PIP2']","['Erk', 'PIP2', 'Jnk']",simplified,1,0.0,0.0,0.0,indep,0,[853]
Jnk,"['Akt', 'PIP2']","['Akt', 'PIP2', 'Jnk']",simplified,1,0.0,0.0,0.0,indep,0,[853]
Jnk,"['PIP2', 'PKA']","['PIP2', 'PKA', 'Jnk']",simplified,1,0.0,0.0,0.0,indep,0,[853]
Jnk,"['PIP2', 'PKC']","['PIP2', 'PKC', 'Jnk']",simplified,1,0.0,0.0,0.0,indep,0,[853]
Jnk,"['P38', 'PIP2']","['P38', 'PIP2', 'Jnk']",simplified,1,0.0,0.0,0.0,indep,0,[853]
Jnk,"['Erk', 'PIP3']","['Erk', 'PIP3', 'Jnk']",simplified,1,0.0,0.0,0.0,indep,0,[853]
Jnk,"['Akt', 'PIP3']","['Akt', 'PIP3', 'Jnk']",simplified,1,0.0,0.0,0.0,indep,0,[853]
Jnk,"['PIP3', 'PKA']","['PIP3', 'PKA', 'Jnk']",simplified,1,0.0,0.0,0.0,indep,0,[853]
Jnk,"['PIP3', 'PKC']","['PIP3', 'PKC', 'Jnk']",simplified,1,0.0,0.0,0.0,indep,0,[853]
Jnk,"['P38', 'PIP3']","['P38', 'PIP3', 'Jnk']",simplified,1,0.0,0.0,0.0,indep,0,[853]
Jnk,"['Akt', 'Erk']","['Akt', 'Erk', 'Jnk']",simplified,1,0.0,0.0,0.0,indep,0,[853]
Jnk,"['Erk', 'PKA']","['Erk', 'PKA', 'Jnk']",simplified,1,0.0,0.0,0.0,indep,0,[853]
Jnk,"['Erk', 'PKC']","['Erk', 'PKC', 'Jnk']",simplified,1,0.0,0.0,0.0,indep,0,[853]
Jnk,"['Erk', 'P38']","['Erk', 'P38', 'Jnk']",simplified,1,0.0,0.0,0.0,indep,0,[853]
Jnk,"['Akt', 'PKA']","['Akt', 'PKA', 'Jnk']",simplified,1,0.0,0.0,0.0,indep,0,[853]
Jnk,"['Akt', 'PKC']","['Akt', 'PKC', 'Jnk']",simplified,1,0.0,0.0,0.0,indep,0,[853]
Jnk,"['Akt', 'P38']","['Akt', 'P38', 'Jnk']",simplified,1,0.0,0.0,0.0,indep,0,[853]
Jnk,"['PKA', 'PKC']","['PKA', 'PKC', 'Jnk']",simplified,1,0.0,0.0,0.0,indep,0,[853]
Jnk,"['P38', 'PKA']","['P38', 'PKA', 'Jnk']",simplified,1,0.0,0.0,0.0,indep,0,[853]
Jnk,"['P38', 'PKC']","['P38', 'PKC', 'Jnk']",quantile_binned,5,0.0551396898528686,0.126369337414047,0.0712296475611784,student,0,"[171, 168, 171, 169, 174]"
