child,parent_set,selected_order,selected_number_bins,bin_index,bin_lower,bin_upper,bin_center,bin_count,empirical_conditional_tau,fitted_conditional_tau,global_empirical_conditional_tau
Raf,"['Mek', 'Plcg']","['Mek', 'Plcg', 'Raf']",6,0,0.0,0.1692037470725995,0.08460187353629975,142,0.5215207996443497,0.5093877252462777,0.4997318180096227
Raf,"['Mek', 'Plcg']","['Mek', 'Plcg', 'Raf']",6,1,0.1692037470725995,0.3313817330210772,0.2502927400468383,138,0.5001328621180413,0.46229469546237817,0.4997318180096227
Raf,"['Mek', 'Plcg']","['Mek', 'Plcg', 'Raf']",6,2,0.3313817330210772,0.5,0.4156908665105386,143,0.542510634809379,0.5371954284612418,0.4997318180096227
Raf,"['Mek', 'Plcg']","['Mek', 'Plcg', 'Raf']",6,3,0.5,0.6639344262295082,0.5819672131147541,141,0.46978570411579973,0.452448723097414,0.4997318180096227
Raf,"['Mek', 'Plcg']","['Mek', 'Plcg', 'Raf']",6,4,0.6639344262295082,0.8343091334894605,0.7491217798594842,146,0.42960248140294066,0.44527205263550546,0.4997318180096227
Raf,"['Mek', 'Plcg']","['Mek', 'Plcg', 'Raf']",6,5,0.8343091334894605,1.0,0.9171545667447303,143,0.5479194826675641,0.4979681772479562,0.4997318180096227
Raf,"['Mek', 'PIP2']","['Mek', 'PIP2', 'Raf']",1,0,0.0,1.0,0.5,853,0.4997318180096227,0.4840065450210508,0.4997318180096227
Raf,"['Mek', 'PIP3']","['PIP3', 'Mek', 'Raf']",1,0,0.0,1.0,0.5,853,0.005022666867949592,0.0,0.005022666867949592
Raf,"['Erk', 'Mek']","['Erk', 'Mek', 'Raf']",1,0,0.0,1.0,0.5,853,-0.010751755792899323,0.0,-0.010751755792899323
Raf,"['Akt', 'Mek']","['Akt', 'Mek', 'Raf']",1,0,0.0,1.0,0.5,853,-0.0122408640283191,0.0,-0.0122408640283191
Raf,"['Mek', 'PKA']","['Mek', 'PKA', 'Raf']",5,0,0.0,0.2014051522248243,0.10070257611241215,169,0.4560770259275364,0.4526272484127251,0.4997318180096227
Raf,"['Mek', 'PKA']","['Mek', 'PKA', 'Raf']",5,1,0.2014051522248243,0.398711943793911,0.30005854800936765,169,0.5592189271631592,0.521326276949958,0.4997318180096227
Raf,"['Mek', 'PKA']","['Mek', 'PKA', 'Raf']",5,2,0.398711943793911,0.6007025761124122,0.49970725995316156,172,0.4604872051613129,0.44173286665548467,0.4997318180096227
Raf,"['Mek', 'PKA']","['Mek', 'PKA', 'Raf']",5,3,0.6007025761124122,0.800351288056206,0.700526932084309,171,0.5163897697129123,0.48019662900954607,0.4997318180096227
Raf,"['Mek', 'PKA']","['Mek', 'PKA', 'Raf']",5,4,0.800351288056206,1.0,0.900175644028103,172,0.5254702930633287,0.5268736180908776,0.4997318180096227
Raf,"['Mek', 'PKC']","['Mek', 'PKC', 'Raf']",6,0,0.0,0.167447306791569,0.0837236533957845,141,0.5043009430889296,0.4778637448948031,0.4997318180096227
Raf,"['Mek', 'PKC']","['Mek', 'PKC', 'Raf']",6,1,0.167447306791569,0.3337236533957845,0.25058548009367676,143,0.5984260122608509,0.5419714766752846,0.4997318180096227
Raf,"['Mek', 'PKC']","['Mek', 'PKC', 'Raf']",6,2,0.3337236533957845,0.5040983606557377,0.4189110070257611,142,0.4906361702833757,0.4555544035661325,0.4997318180096227
Raf,"['Mek', 'PKC']","['Mek', 'PKC', 'Raf']",6,3,0.5040983606557377,0.6668618266978923,0.585480093676815,141,0.46819347152764496,0.46918575022682363,0.4997318180096227
Raf,"['Mek', 'PKC']","['Mek', 'PKC', 'Raf']",6,4,0.6668618266978923,0.8337236533957846,0.7502927400468384,142,0.4811917329873075,0.46715280610059373,0.4997318180096227
Raf,"['Mek', 'PKC']","['Mek', 'PKC', 'Raf']",6,5,0.8337236533957846,1.0,0.9168618266978923,144,0.4770508176460904,0.48902328069952905,0.4997318180096227
Raf,"['Mek', 'P38']","['Mek', 'P38', 'Raf']",1,0,0.0,1.0,0.5,853,0.4997318180096227,0.4840065450210508,0.4997318180096227
Raf,"['Jnk', 'Mek']","['Jnk', 'Mek', 'Raf']",1,0,0.0,1.0,0.5,853,0.03956233312407114,0.0,0.03956233312407114
Raf,"['PIP2', 'Plcg']","['PIP2', 'Plcg', 'Raf']",1,0,0.0,1.0,0.5,853,-0.008514062163350537,0.0,-0.008514062163350537
Raf,"['PIP3', 'Plcg']","['PIP3', 'Plcg', 'Raf']",1,0,0.0,1.0,0.5,853,0.0007584582609227847,0.0,0.0007584582609227847
Raf,"['Erk', 'Plcg']","['Erk', 'Plcg', 'Raf']",1,0,0.0,1.0,0.5,853,0.004166396535905104,0.0,0.004166396535905104
Raf,"['Akt', 'Plcg']","['Akt', 'Plcg', 'Raf']",1,0,0.0,1.0,0.5,853,-0.00573571220865889,0.0,-0.00573571220865889
Raf,"['PKA', 'Plcg']","['PKA', 'Plcg', 'Raf']",1,0,0.0,1.0,0.5,853,0.0074954314075827795,0.0,0.0074954314075827795
Raf,"['PKC', 'Plcg']","['PKC', 'Plcg', 'Raf']",1,0,0.0,1.0,0.5,853,-0.028503703827061407,0.0,-0.028503703827061407
Raf,"['P38', 'Plcg']","['P38', 'Plcg', 'Raf']",1,0,0.0,1.0,0.5,853,-0.035899352701663244,0.0,-0.035899352701663244
Raf,"['Jnk', 'Plcg']","['Jnk', 'Plcg', 'Raf']",1,0,0.0,1.0,0.5,853,0.02220369242575229,0.0,0.02220369242575229
Raf,"['PIP2', 'PIP3']","['PIP2', 'PIP3', 'Raf']",1,0,0.0,1.0,0.5,853,-0.013100588609534277,0.0,-0.013100588609534277
Raf,"['Erk', 'PIP2']","['Erk', 'PIP2', 'Raf']",1,0,0.0,1.0,0.5,853,0.004166396535905104,0.0,0.004166396535905104
Raf,"['Akt', 'PIP2']","['Akt', 'PIP2', 'Raf']",1,0,0.0,1.0,0.5,853,-0.00573571220865889,0.0,-0.00573571220865889
Raf,"['PIP2', 'PKA']","['PIP2', 'PKA', 'Raf']",1,0,0.0,1.0,0.5,853,-0.00671591597362892,0.0,-0.00671591597362892
Raf,"['PIP2', 'PKC']","['PIP2', 'PKC', 'Raf']",1,0,0.0,1.0,0.5,853,-0.00671591597362892,0.0,-0.00671591597362892
Raf,"['P38', 'PIP2']","['P38', 'PIP2', 'Raf']",1,0,0.0,1.0,0.5,853,-0.035899352701663244,0.0,-0.035899352701663244
Raf,"['Jnk', 'PIP2']","['Jnk', 'PIP2', 'Raf']",1,0,0.0,1.0,0.5,853,0.02220369242575229,0.0,0.02220369242575229
Raf,"['Erk', 'PIP3']","['Erk', 'PIP3', 'Raf']",1,0,0.0,1.0,0.5,853,0.004166396535905104,0.0,0.004166396535905104
Raf,"['Akt', 'PIP3']","['Akt', 'PIP3', 'Raf']",1,0,0.0,1.0,0.5,853,-0.00573571220865889,0.0,-0.00573571220865889
Raf,"['PIP3', 'PKA']","['PIP3', 'PKA', 'Raf']",1,0,0.0,1.0,0.5,853,0.004964534739733669,0.0,0.004964534739733669
Raf,"['PIP3', 'PKC']","['PIP3', 'PKC', 'Raf']",1,0,0.0,1.0,0.5,853,0.004964534739733669,0.0,0.004964534739733669
Raf,"['P38', 'PIP3']","['P38', 'PIP3', 'Raf']",1,0,0.0,1.0,0.5,853,-0.035899352701663244,0.0,-0.035899352701663244
Raf,"['Jnk', 'PIP3']","['Jnk', 'PIP3', 'Raf']",1,0,0.0,1.0,0.5,853,0.02220369242575229,0.0,0.02220369242575229
Raf,"['Akt', 'Erk']","['Akt', 'Erk', 'Raf']",1,0,0.0,1.0,0.5,853,-0.021424524749813954,0.0,-0.021424524749813954
Raf,"['Erk', 'PKA']","['Erk', 'PKA', 'Raf']",1,0,0.0,1.0,0.5,853,-0.0023884770203241885,0.0,-0.0023884770203241885
Raf,"['Erk', 'PKC']","['Erk', 'PKC', 'Raf']",1,0,0.0,1.0,0.5,853,0.004166396535905104,0.0,0.004166396535905104
Raf,"['Erk', 'P38']","['Erk', 'P38', 'Raf']",1,0,0.0,1.0,0.5,853,0.004166396535905104,0.0,0.004166396535905104
Raf,"['Erk', 'Jnk']","['Erk', 'Jnk', 'Raf']",1,0,0.0,1.0,0.5,853,0.004166396535905104,0.0,0.004166396535905104
Raf,"['Akt', 'PKA']","['Akt', 'PKA', 'Raf']",1,0,0.0,1.0,0.5,853,-0.013999818272998654,0.0,-0.013999818272998654
Raf,"['Akt', 'PKC']","['Akt', 'PKC', 'Raf']",1,0,0.0,1.0,0.5,853,-0.00573571220865889,0.0,-0.00573571220865889
Raf,"['Akt', 'P38']","['Akt', 'P38', 'Raf']",1,0,0.0,1.0,0.5,853,-0.00573571220865889,0.0,-0.00573571220865889
Raf,"['Akt', 'Jnk']","['Akt', 'Jnk', 'Raf']",1,0,0.0,1.0,0.5,853,-0.00573571220865889,0.0,-0.00573571220865889
Raf,"['PKA', 'PKC']","['PKA', 'PKC', 'Raf']",1,0,0.0,1.0,0.5,853,0.0074954314075827795,0.0,0.0074954314075827795
Raf,"['P38', 'PKA']","['P38', 'PKA', 'Raf']",1,0,0.0,1.0,0.5,853,-0.035899352701663244,0.0,-0.035899352701663244
Raf,"['Jnk', 'PKA']","['Jnk', 'PKA', 'Raf']",1,0,0.0,1.0,0.5,853,0.02220369242575229,0.0,0.02220369242575229
Raf,"['P38', 'PKC']","['P38', 'PKC', 'Raf']",1,0,0.0,1.0,0.5,853,-0.007672955709265154,0.0,-0.007672955709265154
Raf,"['Jnk', 'PKC']","['Jnk', 'PKC', 'Raf']",1,0,0.0,1.0,0.5,853,0.015679443925703855,0.0,0.015679443925703855
Raf,"['Jnk', 'P38']","['Jnk', 'P38', 'Raf']",1,0,0.0,1.0,0.5,853,0.02220369242575229,0.0,0.02220369242575229
Mek,"['Plcg', 'Raf']","['Plcg', 'Raf', 'Mek']",1,0,0.0,1.0,0.5,853,0.005406866985631611,0.0,0.005406866985631611
Mek,"['PIP2', 'Raf']","['PIP2', 'Raf', 'Mek']",1,0,0.0,1.0,0.5,853,-0.007949558787710666,0.0,-0.007949558787710666
Mek,"['PIP3', 'Raf']","['PIP3', 'Raf', 'Mek']",1,0,0.0,1.0,0.5,853,0.005684269528930877,0.0,0.005684269528930877
Mek,"['Erk', 'Raf']","['Erk', 'Raf', 'Mek']",1,0,0.0,1.0,0.5,853,0.02817511389831566,0.0,0.02817511389831566
Mek,"['Akt', 'Raf']","['Akt', 'Raf', 'Mek']",1,0,0.0,1.0,0.5,853,0.023185376976577365,0.0,0.023185376976577365
Mek,"['PKA', 'Raf']","['PKA', 'Raf', 'Mek']",1,0,0.0,1.0,0.5,853,0.0008966150042578284,0.0,0.0008966150042578284
Mek,"['PKC', 'Raf']","['PKC', 'Raf', 'Mek']",1,0,0.0,1.0,0.5,853,-0.008157336089677189,0.0,-0.008157336089677189
Mek,"['P38', 'Raf']","['P38', 'Raf', 'Mek']",1,0,0.0,1.0,0.5,853,0.0062548745764294655,0.0,0.0062548745764294655
Mek,"['Jnk', 'Raf']","['Jnk', 'Raf', 'Mek']",1,0,0.0,1.0,0.5,853,-0.03669609652016769,0.0,-0.03669609652016769
Mek,"['PIP2', 'Plcg']","['PIP2', 'Plcg', 'Mek']",1,0,0.0,1.0,0.5,853,0.0037551737866099153,0.0,0.0037551737866099153
Mek,"['PIP3', 'Plcg']","['PIP3', 'Plcg', 'Mek']",1,0,0.0,1.0,0.5,853,0.022125389951824434,0.0,0.022125389951824434
Mek,"['Erk', 'Plcg']","['Erk', 'Plcg', 'Mek']",1,0,0.0,1.0,0.5,853,0.023261446355700634,0.0,0.023261446355700634
Mek,"['Akt', 'Plcg']","['Akt', 'Plcg', 'Mek']",1,0,0.0,1.0,0.5,853,0.01146490016236693,0.0,0.01146490016236693
Mek,"['PKA', 'Plcg']","['PKA', 'Plcg', 'Mek']",1,0,0.0,1.0,0.5,853,-0.003637178352250011,0.0,-0.003637178352250011
Mek,"['PKC', 'Plcg']","['PKC', 'Plcg', 'Mek']",1,0,0.0,1.0,0.5,853,-0.029181072663612292,0.0,-0.029181072663612292
Mek,"['P38', 'Plcg']","['P38', 'Plcg', 'Mek']",1,0,0.0,1.0,0.5,853,-0.024184870561678767,0.0,-0.024184870561678767
Mek,"['Jnk', 'Plcg']","['Jnk', 'Plcg', 'Mek']",1,0,0.0,1.0,0.5,853,-0.006609309318223452,0.0,-0.006609309318223452
Mek,"['PIP2', 'PIP3']","['PIP3', 'PIP2', 'Mek']",1,0,0.0,1.0,0.5,853,0.02139413461651587,0.0,0.02139413461651587
Mek,"['Erk', 'PIP2']","['Erk', 'PIP2', 'Mek']",1,0,0.0,1.0,0.5,853,0.023261446355700634,0.0,0.023261446355700634
Mek,"['Akt', 'PIP2']","['Akt', 'PIP2', 'Mek']",1,0,0.0,1.0,0.5,853,0.01146490016236693,0.0,0.01146490016236693
Mek,"['PIP2', 'PKA']","['PIP2', 'PKA', 'Mek']",1,0,0.0,1.0,0.5,853,0.004091367301126117,0.0,0.004091367301126117
Mek,"['PIP2', 'PKC']","['PIP2', 'PKC', 'Mek']",1,0,0.0,1.0,0.5,853,0.004091367301126117,0.0,0.004091367301126117
Mek,"['P38', 'PIP2']","['P38', 'PIP2', 'Mek']",1,0,0.0,1.0,0.5,853,-0.024184870561678767,0.0,-0.024184870561678767
Mek,"['Jnk', 'PIP2']","['Jnk', 'PIP2', 'Mek']",1,0,0.0,1.0,0.5,853,-0.006609309318223452,0.0,-0.006609309318223452
Mek,"['Erk', 'PIP3']","['Erk', 'PIP3', 'Mek']",1,0,0.0,1.0,0.5,853,0.023261446355700634,0.0,0.023261446355700634
Mek,"['Akt', 'PIP3']","['Akt', 'PIP3', 'Mek']",1,0,0.0,1.0,0.5,853,0.01146490016236693,0.0,0.01146490016236693
Mek,"['PIP3', 'PKA']","['PIP3', 'PKA', 'Mek']",1,0,0.0,1.0,0.5,853,0.02096044648397983,0.04226753612253425,0.02096044648397983
Mek,"['PIP3', 'PKC']","['PIP3', 'PKC', 'Mek']",1,0,0.0,1.0,0.5,853,0.02096044648397983,0.04226753612253425,0.02096044648397983
Mek,"['P38', 'PIP3']","['P38', 'PIP3', 'Mek']",1,0,0.0,1.0,0.5,853,-0.024184870561678767,0.0,-0.024184870561678767
Mek,"['Jnk', 'PIP3']","['Jnk', 'PIP3', 'Mek']",1,0,0.0,1.0,0.5,853,-0.006609309318223452,0.0,-0.006609309318223452
Mek,"['Akt', 'Erk']","['Akt', 'Erk', 'Mek']",1,0,0.0,1.0,0.5,853,-0.02299467121782778,0.0,-0.02299467121782778
Mek,"['Erk', 'PKA']","['Erk', 'PKA', 'Mek']",1,0,0.0,1.0,0.5,853,0.02244842331347872,0.0,0.02244842331347872
Mek,"['Erk', 'PKC']","['Erk', 'PKC', 'Mek']",1,0,0.0,1.0,0.5,853,0.023261446355700634,0.0,0.023261446355700634
Mek,"['Erk', 'P38']","['Erk', 'P38', 'Mek']",1,0,0.0,1.0,0.5,853,0.023261446355700634,0.0,0.023261446355700634
Mek,"['Erk', 'Jnk']","['Erk', 'Jnk', 'Mek']",1,0,0.0,1.0,0.5,853,0.023261446355700634,0.0,0.023261446355700634
Mek,"['Akt', 'PKA']","['Akt', 'PKA', 'Mek']",1,0,0.0,1.0,0.5,853,0.006897830554315712,0.0,0.006897830554315712
Mek,"['Akt', 'PKC']","['Akt', 'PKC', 'Mek']",1,0,0.0,1.0,0.5,853,0.01146490016236693,0.0,0.01146490016236693
Mek,"['Akt', 'P38']","['Akt', 'P38', 'Mek']",1,0,0.0,1.0,0.5,853,0.01146490016236693,0.0,0.01146490016236693
Mek,"['Akt', 'Jnk']","['Akt', 'Jnk', 'Mek']",1,0,0.0,1.0,0.5,853,0.01146490016236693,0.0,0.01146490016236693
Mek,"['PKA', 'PKC']","['PKA', 'PKC', 'Mek']",1,0,0.0,1.0,0.5,853,-0.003637178352250011,0.0,-0.003637178352250011
Mek,"['P38', 'PKA']","['P38', 'PKA', 'Mek']",1,0,0.0,1.0,0.5,853,-0.024184870561678767,0.0,-0.024184870561678767
Mek,"['Jnk', 'PKA']","['Jnk', 'PKA', 'Mek']",1,0,0.0,1.0,0.5,853,-0.006609309318223452,0.0,-0.006609309318223452
Mek,"['P38', 'PKC']","['P38', 'PKC', 'Mek']",1,0,0.0,1.0,0.5,853,0.005016157597735167,0.0,0.005016157597735167
Mek,"['Jnk', 'PKC']","['Jnk', 'PKC', 'Mek']",1,0,0.0,1.0,0.5,853,-0.013688036117099038,0.0,-0.013688036117099038
Mek,"['Jnk', 'P38']","['Jnk', 'P38', 'Mek']",1,0,0.0,1.0,0.5,853,-0.006609309318223452,0.0,-0.006609309318223452
Plcg,"['Mek', 'Raf']","['Mek', 'Raf', 'Plcg']",1,0,0.0,1.0,0.5,853,0.005406866985631611,0.0,0.005406866985631611
Plcg,"['PIP2', 'Raf']","['PIP2', 'Raf', 'Plcg']",1,0,0.0,1.0,0.5,853,0.06621383081521053,0.05734436806786867,0.06621383081521053
Plcg,"['PIP3', 'Raf']","['PIP3', 'Raf', 'Plcg']",1,0,0.0,1.0,0.5,853,0.04883711199299596,0.10198957086268592,0.04883711199299596
Plcg,"['Erk', 'Raf']","['Erk', 'Raf', 'Plcg']",1,0,0.0,1.0,0.5,853,0.042072779810869765,0.0,0.042072779810869765
Plcg,"['Akt', 'Raf']","['Akt', 'Raf', 'Plcg']",1,0,0.0,1.0,0.5,853,0.04922338580367831,0.0,0.04922338580367831
Plcg,"['PKA', 'Raf']","['PKA', 'Raf', 'Plcg']",1,0,0.0,1.0,0.5,853,-0.03040513923394865,0.0,-0.03040513923394865
Plcg,"['PKC', 'Raf']","['PKC', 'Raf', 'Plcg']",1,0,0.0,1.0,0.5,853,-0.008613294859346516,0.0,-0.008613294859346516
Plcg,"['P38', 'Raf']","['P38', 'Raf', 'Plcg']",1,0,0.0,1.0,0.5,853,-0.0032026152434645075,0.0,-0.0032026152434645075
Plcg,"['Jnk', 'Raf']","['Jnk', 'Raf', 'Plcg']",1,0,0.0,1.0,0.5,853,0.0239152672130632,0.0,0.0239152672130632
Plcg,"['Mek', 'PIP2']","['Mek', 'PIP2', 'Plcg']",1,0,0.0,1.0,0.5,853,8.553298117921189e-05,0.0,8.553298117921189e-05
Plcg,"['Mek', 'PIP3']","['Mek', 'PIP3', 'Plcg']",1,0,0.0,1.0,0.5,853,-0.0019893261198734775,0.0,-0.0019893261198734775
Plcg,"['Erk', 'Mek']","['Erk', 'Mek', 'Plcg']",1,0,0.0,1.0,0.5,853,0.042072779810869765,0.0,0.042072779810869765
Plcg,"['Akt', 'Mek']","['Akt', 'Mek', 'Plcg']",1,0,0.0,1.0,0.5,853,0.04922338580367831,0.0,0.04922338580367831
Plcg,"['Mek', 'PKA']","['Mek', 'PKA', 'Plcg']",1,0,0.0,1.0,0.5,853,0.0012252072104841309,0.0,0.0012252072104841309
Plcg,"['Mek', 'PKC']","['Mek', 'PKC', 'Plcg']",1,0,0.0,1.0,0.5,853,0.0012252072104841309,0.0,0.0012252072104841309
Plcg,"['Mek', 'P38']","['Mek', 'P38', 'Plcg']",1,0,0.0,1.0,0.5,853,0.0012252072104841309,0.0,0.0012252072104841309
Plcg,"['Jnk', 'Mek']","['Jnk', 'Mek', 'Plcg']",1,0,0.0,1.0,0.5,853,0.0239152672130632,0.0,0.0239152672130632
Plcg,"['PIP2', 'PIP3']","['PIP2', 'PIP3', 'Plcg']",6,0,0.0,0.167447306791569,0.0837236533957845,142,-0.07461792028768355,-0.20955830407749373,0.015485444040492615
Plcg,"['PIP2', 'PIP3']","['PIP2', 'PIP3', 'Plcg']",6,1,0.167447306791569,0.3348946135831381,0.2511709601873535,141,-0.0025333130700803948,-0.028082643726123728,0.015485444040492615
Plcg,"['PIP2', 'PIP3']","['PIP2', 'PIP3', 'Plcg']",6,2,0.3348946135831381,0.5011709601873536,0.41803278688524587,143,-0.17552327034337198,-0.17057016176820017,0.015485444040492615
Plcg,"['PIP2', 'PIP3']","['PIP2', 'PIP3', 'Plcg']",6,3,0.5011709601873536,0.6662763466042154,0.5837236533957846,141,0.06687607660350593,0.0880544234106185,0.015485444040492615
Plcg,"['PIP2', 'PIP3']","['PIP2', 'PIP3', 'Plcg']",6,4,0.6662763466042154,0.8313817330210773,0.7488290398126464,141,0.10173269834836357,0.10146002184705355,0.015485444040492615
Plcg,"['PIP2', 'PIP3']","['PIP2', 'PIP3', 'Plcg']",6,5,0.8313817330210773,1.0,0.9156908665105387,145,0.16772833967223888,0.12032754974551207,0.015485444040492615
Plcg,"['Erk', 'PIP2']","['Erk', 'PIP2', 'Plcg']",1,0,0.0,1.0,0.5,853,0.043640620670680405,0.0,0.043640620670680405
Plcg,"['Akt', 'PIP2']","['Akt', 'PIP2', 'Plcg']",1,0,0.0,1.0,0.5,853,0.0526202418187972,0.0,0.0526202418187972
Plcg,"['PIP2', 'PKA']","['PIP2', 'PKA', 'Plcg']",1,0,0.0,1.0,0.5,853,0.06621383081521053,0.05734436806786867,0.06621383081521053
Plcg,"['PIP2', 'PKC']","['PIP2', 'PKC', 'Plcg']",1,0,0.0,1.0,0.5,853,0.06621383081521053,0.05734436806786867,0.06621383081521053
Plcg,"['P38', 'PIP2']","['P38', 'PIP2', 'Plcg']",1,0,0.0,1.0,0.5,853,-0.0023590025991642436,0.0,-0.0023590025991642436
Plcg,"['Jnk', 'PIP2']","['Jnk', 'PIP2', 'Plcg']",1,0,0.0,1.0,0.5,853,0.02348910159454634,0.0,0.02348910159454634
Plcg,"['Erk', 'PIP3']","['Erk', 'PIP3', 'Plcg']",1,0,0.0,1.0,0.5,853,0.045112643799871496,0.0,0.045112643799871496
Plcg,"['Akt', 'PIP3']","['Akt', 'PIP3', 'Plcg']",1,0,0.0,1.0,0.5,853,0.050579061690239256,0.0,0.050579061690239256
Plcg,"['PIP3', 'PKA']","['PIP3', 'PKA', 'Plcg']",1,0,0.0,1.0,0.5,853,0.04883711199299596,0.10198957086268592,0.04883711199299596
Plcg,"['PIP3', 'PKC']","['PIP3', 'PKC', 'Plcg']",1,0,0.0,1.0,0.5,853,0.04883711199299596,0.10198957086268592,0.04883711199299596
Plcg,"['P38', 'PIP3']","['P38', 'PIP3', 'Plcg']",1,0,0.0,1.0,0.5,853,-0.008826232218554395,0.0,-0.008826232218554395
Plcg,"['Jnk', 'PIP3']","['Jnk', 'PIP3', 'Plcg']",1,0,0.0,1.0,0.5,853,0.019426753663933122,0.0,0.019426753663933122
Plcg,"['Akt', 'Erk']","['Akt', 'Erk', 'Plcg']",1,0,0.0,1.0,0.5,853,0.011737786090975809,0.0,0.011737786090975809
Plcg,"['Erk', 'PKA']","['Erk', 'PKA', 'Plcg']",1,0,0.0,1.0,0.5,853,0.04827815739424338,0.0,0.04827815739424338
Plcg,"['Erk', 'PKC']","['Erk', 'PKC', 'Plcg']",1,0,0.0,1.0,0.5,853,0.042072779810869765,0.0,0.042072779810869765
Plcg,"['Erk', 'P38']","['Erk', 'P38', 'Plcg']",1,0,0.0,1.0,0.5,853,0.042072779810869765,0.0,0.042072779810869765
Plcg,"['Erk', 'Jnk']","['Erk', 'Jnk', 'Plcg']",1,0,0.0,1.0,0.5,853,0.042072779810869765,0.0,0.042072779810869765
Plcg,"['Akt', 'PKA']","['PKA', 'Akt', 'Plcg']",1,0,0.0,1.0,0.5,853,-0.04341175825287673,0.0,-0.04341175825287673
Plcg,"['Akt', 'PKC']","['Akt', 'PKC', 'Plcg']",1,0,0.0,1.0,0.5,853,0.04922338580367831,0.0,0.04922338580367831
Plcg,"['Akt', 'P38']","['Akt', 'P38', 'Plcg']",1,0,0.0,1.0,0.5,853,0.04922338580367831,0.0,0.04922338580367831
Plcg,"['Akt', 'Jnk']","['Akt', 'Jnk', 'Plcg']",1,0,0.0,1.0,0.5,853,0.04922338580367831,0.0,0.04922338580367831
Plcg,"['PKA', 'PKC']","['PKA', 'PKC', 'Plcg']",1,0,0.0,1.0,0.5,853,-0.03040513923394865,0.0,-0.03040513923394865
Plcg,"['P38', 'PKA']","['P38', 'PKA', 'Plcg']",1,0,0.0,1.0,0.5,853,-0.0032026152434645075,0.0,-0.0032026152434645075
Plcg,"['Jnk', 'PKA']","['Jnk', 'PKA', 'Plcg']",1,0,0.0,1.0,0.5,853,0.0239152672130632,0.0,0.0239152672130632
Plcg,"['P38', 'PKC']","['P38', 'PKC', 'Plcg']",1,0,0.0,1.0,0.5,853,-0.004223430992729934,0.0,-0.004223430992729934
Plcg,"['Jnk', 'PKC']","['Jnk', 'PKC', 'Plcg']",1,0,0.0,1.0,0.5,853,0.022057567601780896,0.0,0.022057567601780896
Plcg,"['Jnk', 'P38']","['Jnk', 'P38', 'Plcg']",1,0,0.0,1.0,0.5,853,0.0239152672130632,0.0,0.0239152672130632
PIP2,"['Mek', 'Raf']","['Mek', 'Raf', 'PIP2']",1,0,0.0,1.0,0.5,853,-0.007949558787710666,0.0,-0.007949558787710666
PIP2,"['Plcg', 'Raf']","['Plcg', 'Raf', 'PIP2']",1,0,0.0,1.0,0.5,853,0.06621383081521051,0.05734436806786867,0.06621383081521051
PIP2,"['PIP3', 'Raf']","['PIP3', 'Raf', 'PIP2']",1,0,0.0,1.0,0.5,853,0.25174198330992065,0.2386107620188145,0.25174198330992065
PIP2,"['Erk', 'Raf']","['Erk', 'Raf', 'PIP2']",1,0,0.0,1.0,0.5,853,0.025435884207908793,0.0,0.025435884207908793
PIP2,"['Akt', 'Raf']","['Akt', 'Raf', 'PIP2']",1,0,0.0,1.0,0.5,853,0.006616804524549699,0.0,0.006616804524549699
PIP2,"['PKA', 'Raf']","['PKA', 'Raf', 'PIP2']",1,0,0.0,1.0,0.5,853,0.0092755580595798,0.0,0.0092755580595798
PIP2,"['PKC', 'Raf']","['PKC', 'Raf', 'PIP2']",1,0,0.0,1.0,0.5,853,-0.013135778323949169,0.0,-0.013135778323949169
PIP2,"['P38', 'Raf']","['P38', 'Raf', 'PIP2']",1,0,0.0,1.0,0.5,853,-0.0015746304890369351,0.0,-0.0015746304890369351
PIP2,"['Jnk', 'Raf']","['Jnk', 'Raf', 'PIP2']",1,0,0.0,1.0,0.5,853,0.0029994730064980377,0.0,0.0029994730064980377
PIP2,"['Mek', 'Plcg']","['Mek', 'Plcg', 'PIP2']",1,0,0.0,1.0,0.5,853,0.0037551737866099158,0.0,0.0037551737866099158
PIP2,"['Mek', 'PIP3']","['PIP3', 'Mek', 'PIP2']",1,0,0.0,1.0,0.5,853,0.25174198330992065,0.2386107620188145,0.25174198330992065
PIP2,"['Erk', 'Mek']","['Erk', 'Mek', 'PIP2']",1,0,0.0,1.0,0.5,853,0.025435884207908793,0.0,0.025435884207908793
PIP2,"['Akt', 'Mek']","['Akt', 'Mek', 'PIP2']",1,0,0.0,1.0,0.5,853,0.006616804524549699,0.0,0.006616804524549699
PIP2,"['Mek', 'PKA']","['Mek', 'PKA', 'PIP2']",1,0,0.0,1.0,0.5,853,0.004091367301126117,0.0,0.004091367301126117
PIP2,"['Mek', 'PKC']","['Mek', 'PKC', 'PIP2']",1,0,0.0,1.0,0.5,853,0.004091367301126117,0.0,0.004091367301126117
PIP2,"['Mek', 'P38']","['Mek', 'P38', 'PIP2']",1,0,0.0,1.0,0.5,853,0.004091367301126117,0.0,0.004091367301126117
PIP2,"['Jnk', 'Mek']","['Jnk', 'Mek', 'PIP2']",1,0,0.0,1.0,0.5,853,0.0029994730064980377,0.0,0.0029994730064980377
PIP2,"['PIP3', 'Plcg']","['Plcg', 'PIP3', 'PIP2']",6,0,0.0,0.167447306791569,0.0837236533957845,142,-0.07461792028768355,-0.20955830407749373,0.015485444040492614
PIP2,"['PIP3', 'Plcg']","['Plcg', 'PIP3', 'PIP2']",6,1,0.167447306791569,0.3348946135831381,0.2511709601873535,141,-0.002533313070080395,-0.028082643726123728,0.015485444040492614
PIP2,"['PIP3', 'Plcg']","['Plcg', 'PIP3', 'PIP2']",6,2,0.3348946135831381,0.5011709601873536,0.41803278688524587,143,-0.17552327034337198,-0.17057016176820017,0.015485444040492614
PIP2,"['PIP3', 'Plcg']","['Plcg', 'PIP3', 'PIP2']",6,3,0.5011709601873536,0.6662763466042154,0.5837236533957846,141,0.06687607660350593,0.0880544234106185,0.015485444040492614
PIP2,"['PIP3', 'Plcg']","['Plcg', 'PIP3', 'PIP2']",6,4,0.6662763466042154,0.8313817330210773,0.7488290398126464,141,0.10173269834836357,0.10146002184705355,0.015485444040492614
PIP2,"['PIP3', 'Plcg']","['Plcg', 'PIP3', 'PIP2']",6,5,0.8313817330210773,1.0,0.9156908665105387,145,0.16772833967223888,0.12032754974551207,0.015485444040492614
PIP2,"['Erk', 'Plcg']","['Erk', 'Plcg', 'PIP2']",1,0,0.0,1.0,0.5,853,0.018978018490016672,0.0,0.018978018490016672
PIP2,"['Akt', 'Plcg']","['Akt', 'Plcg', 'PIP2']",1,0,0.0,1.0,0.5,853,-0.0012301408874716194,0.0,-0.0012301408874716194
PIP2,"['PKA', 'Plcg']","['PKA', 'Plcg', 'PIP2']",1,0,0.0,1.0,0.5,853,0.008306701720314925,0.0,0.008306701720314925
PIP2,"['PKC', 'Plcg']","['PKC', 'Plcg', 'PIP2']",1,0,0.0,1.0,0.5,853,-0.008818868161669283,0.0,-0.008818868161669283
PIP2,"['P38', 'Plcg']","['P38', 'Plcg', 'PIP2']",1,0,0.0,1.0,0.5,853,0.0005656088103259297,0.0,0.0005656088103259297
PIP2,"['Jnk', 'Plcg']","['Jnk', 'Plcg', 'PIP2']",1,0,0.0,1.0,0.5,853,-0.0019539801748836507,0.0,-0.0019539801748836507
PIP2,"['Erk', 'PIP3']","['Erk', 'PIP3', 'PIP2']",1,0,0.0,1.0,0.5,853,0.0390888252242647,0.0,0.0390888252242647
PIP2,"['Akt', 'PIP3']","['Akt', 'PIP3', 'PIP2']",1,0,0.0,1.0,0.5,853,0.013970001632900651,0.0,0.013970001632900651
PIP2,"['PIP3', 'PKA']","['PIP3', 'PKA', 'PIP2']",1,0,0.0,1.0,0.5,853,0.25174198330992065,0.2386107620188145,0.25174198330992065
PIP2,"['PIP3', 'PKC']","['PIP3', 'PKC', 'PIP2']",1,0,0.0,1.0,0.5,853,0.25174198330992065,0.2386107620188145,0.25174198330992065
PIP2,"['P38', 'PIP3']","['P38', 'PIP3', 'PIP2']",1,0,0.0,1.0,0.5,853,-0.006114051221484934,0.0,-0.006114051221484934
PIP2,"['Jnk', 'PIP3']","['Jnk', 'PIP3', 'PIP2']",1,0,0.0,1.0,0.5,853,0.001774830148272932,0.0,0.001774830148272932
PIP2,"['Akt', 'Erk']","['Akt', 'Erk', 'PIP2']",1,0,0.0,1.0,0.5,853,-0.03642719033619523,0.0,-0.03642719033619523
PIP2,"['Erk', 'PKA']","['Erk', 'PKA', 'PIP2']",1,0,0.0,1.0,0.5,853,0.03105963838739457,0.0,0.03105963838739457
PIP2,"['Erk', 'PKC']","['Erk', 'PKC', 'PIP2']",1,0,0.0,1.0,0.5,853,0.025435884207908793,0.0,0.025435884207908793
PIP2,"['Erk', 'P38']","['Erk', 'P38', 'PIP2']",1,0,0.0,1.0,0.5,853,0.025435884207908793,0.0,0.025435884207908793
PIP2,"['Erk', 'Jnk']","['Erk', 'Jnk', 'PIP2']",1,0,0.0,1.0,0.5,853,0.025435884207908793,0.0,0.025435884207908793
PIP2,"['Akt', 'PKA']","['Akt', 'PKA', 'PIP2']",1,0,0.0,1.0,0.5,853,0.01604775890091101,0.0,0.01604775890091101
PIP2,"['Akt', 'PKC']","['Akt', 'PKC', 'PIP2']",1,0,0.0,1.0,0.5,853,0.006616804524549699,0.0,0.006616804524549699
PIP2,"['Akt', 'P38']","['Akt', 'P38', 'PIP2']",1,0,0.0,1.0,0.5,853,0.006616804524549699,0.0,0.006616804524549699
PIP2,"['Akt', 'Jnk']","['Akt', 'Jnk', 'PIP2']",1,0,0.0,1.0,0.5,853,0.006616804524549699,0.0,0.006616804524549699
PIP2,"['PKA', 'PKC']","['PKA', 'PKC', 'PIP2']",1,0,0.0,1.0,0.5,853,0.0092755580595798,0.0,0.0092755580595798
PIP2,"['P38', 'PKA']","['P38', 'PKA', 'PIP2']",1,0,0.0,1.0,0.5,853,-0.0015746304890369351,0.0,-0.0015746304890369351
PIP2,"['Jnk', 'PKA']","['Jnk', 'PKA', 'PIP2']",1,0,0.0,1.0,0.5,853,0.0029994730064980377,0.0,0.0029994730064980377
PIP2,"['P38', 'PKC']","['P38', 'PKC', 'PIP2']",1,0,0.0,1.0,0.5,853,0.020776345143428084,0.0,0.020776345143428084
PIP2,"['Jnk', 'PKC']","['Jnk', 'PKC', 'PIP2']",1,0,0.0,1.0,0.5,853,-0.0002838112795951915,0.0,-0.0002838112795951915
PIP2,"['Jnk', 'P38']","['Jnk', 'P38', 'PIP2']",1,0,0.0,1.0,0.5,853,0.0029994730064980377,0.0,0.0029994730064980377
PIP3,"['Mek', 'Raf']","['Mek', 'Raf', 'PIP3']",1,0,0.0,1.0,0.5,853,0.005684269528930877,0.0,0.005684269528930877
PIP3,"['Plcg', 'Raf']","['Plcg', 'Raf', 'PIP3']",1,0,0.0,1.0,0.5,853,0.04883711199299596,0.10198957086268592,0.04883711199299596
PIP3,"['PIP2', 'Raf']","['PIP2', 'Raf', 'PIP3']",1,0,0.0,1.0,0.5,853,0.2517419833099206,0.2386107620188145,0.2517419833099206
PIP3,"['Erk', 'Raf']","['Erk', 'Raf', 'PIP3']",1,0,0.0,1.0,0.5,853,-0.015331680167105744,0.0,-0.015331680167105744
PIP3,"['Akt', 'Raf']","['Akt', 'Raf', 'PIP3']",1,0,0.0,1.0,0.5,853,-0.010614698068733717,0.0,-0.010614698068733717
PIP3,"['PKA', 'Raf']","['PKA', 'Raf', 'PIP3']",1,0,0.0,1.0,0.5,853,0.017674885342644688,0.0,0.017674885342644688
PIP3,"['PKC', 'Raf']","['PKC', 'Raf', 'PIP3']",1,0,0.0,1.0,0.5,853,0.00892483615274064,0.0,0.00892483615274064
PIP3,"['P38', 'Raf']","['P38', 'Raf', 'PIP3']",1,0,0.0,1.0,0.5,853,-0.013130389970659111,0.0,-0.013130389970659111
PIP3,"['Jnk', 'Raf']","['Jnk', 'Raf', 'PIP3']",1,0,0.0,1.0,0.5,853,-0.004455615826721856,0.0,-0.004455615826721856
PIP3,"['Mek', 'Plcg']","['Mek', 'Plcg', 'PIP3']",1,0,0.0,1.0,0.5,853,0.02212538995182443,0.0,0.02212538995182443
PIP3,"['Mek', 'PIP2']","['Mek', 'PIP2', 'PIP3']",1,0,0.0,1.0,0.5,853,0.02139413461651587,0.0,0.02139413461651587
PIP3,"['Erk', 'Mek']","['Erk', 'Mek', 'PIP3']",1,0,0.0,1.0,0.5,853,-0.015331680167105744,0.0,-0.015331680167105744
PIP3,"['Akt', 'Mek']","['Akt', 'Mek', 'PIP3']",1,0,0.0,1.0,0.5,853,-0.010614698068733717,0.0,-0.010614698068733717
PIP3,"['Mek', 'PKA']","['Mek', 'PKA', 'PIP3']",1,0,0.0,1.0,0.5,853,0.020960446483979833,0.04226753612253425,0.020960446483979833
PIP3,"['Mek', 'PKC']","['Mek', 'PKC', 'PIP3']",1,0,0.0,1.0,0.5,853,0.020960446483979833,0.04226753612253425,0.020960446483979833
PIP3,"['Mek', 'P38']","['Mek', 'P38', 'PIP3']",1,0,0.0,1.0,0.5,853,0.020960446483979833,0.04226753612253425,0.020960446483979833
PIP3,"['Jnk', 'Mek']","['Jnk', 'Mek', 'PIP3']",1,0,0.0,1.0,0.5,853,-0.004455615826721856,0.0,-0.004455615826721856
PIP3,"['PIP2', 'Plcg']","['PIP2', 'Plcg', 'PIP3']",6,0,0.0,0.1692037470725995,0.08460187353629975,142,0.02477646263896364,0.04586556029953186,0.2440480940975912
PIP3,"['PIP2', 'Plcg']","['PIP2', 'Plcg', 'PIP3']",6,1,0.1692037470725995,0.3313817330210772,0.2502927400468383,138,0.025816008077175837,0.057897040493700015,0.2440480940975912
PIP3,"['PIP2', 'Plcg']","['PIP2', 'Plcg', 'PIP3']",6,2,0.3313817330210772,0.5,0.4156908665105386,143,0.2898936184276655,0.2806511604305741,0.2440480940975912
PIP3,"['PIP2', 'Plcg']","['PIP2', 'Plcg', 'PIP3']",6,3,0.5,0.6639344262295082,0.5819672131147541,141,0.39570350154655765,0.3758058401808441,0.2440480940975912
PIP3,"['PIP2', 'Plcg']","['PIP2', 'Plcg', 'PIP3']",6,4,0.6639344262295082,0.8343091334894605,0.7491217798594842,146,0.4374734261035506,0.45620272532333056,0.2440480940975912
PIP3,"['PIP2', 'Plcg']","['PIP2', 'Plcg', 'PIP3']",6,5,0.8343091334894605,1.0,0.9171545667447303,143,0.37319019009159854,0.3394774849565173,0.2440480940975912
PIP3,"['Erk', 'Plcg']","['Erk', 'Plcg', 'PIP3']",1,0,0.0,1.0,0.5,853,-0.02188917084887434,0.0,-0.02188917084887434
PIP3,"['Akt', 'Plcg']","['Akt', 'Plcg', 'PIP3']",1,0,0.0,1.0,0.5,853,-0.018159698013334894,0.0,-0.018159698013334894
PIP3,"['PKA', 'Plcg']","['PKA', 'Plcg', 'PIP3']",1,0,0.0,1.0,0.5,853,0.016577493613799073,0.0,0.016577493613799073
PIP3,"['PKC', 'Plcg']","['PKC', 'Plcg', 'PIP3']",1,0,0.0,1.0,0.5,853,0.01240813265344243,0.0,0.01240813265344243
PIP3,"['P38', 'Plcg']","['P38', 'Plcg', 'PIP3']",1,0,0.0,1.0,0.5,853,-0.009858120574209081,0.0,-0.009858120574209081
PIP3,"['Jnk', 'Plcg']","['Jnk', 'Plcg', 'PIP3']",1,0,0.0,1.0,0.5,853,-0.009824993163841906,0.0,-0.009824993163841906
PIP3,"['Erk', 'PIP2']","['Erk', 'PIP2', 'PIP3']",1,0,0.0,1.0,0.5,853,-0.03317270850719917,0.0,-0.03317270850719917
PIP3,"['Akt', 'PIP2']","['Akt', 'PIP2', 'PIP3']",1,0,0.0,1.0,0.5,853,-0.018791238129309405,0.0,-0.018791238129309405
PIP3,"['PIP2', 'PKA']","['PIP2', 'PKA', 'PIP3']",1,0,0.0,1.0,0.5,853,0.2517419833099206,0.2386107620188145,0.2517419833099206
PIP3,"['PIP2', 'PKC']","['PIP2', 'PKC', 'PIP3']",1,0,0.0,1.0,0.5,853,0.2517419833099206,0.2386107620188145,0.2517419833099206
PIP3,"['P38', 'PIP2']","['P38', 'PIP2', 'PIP3']",1,0,0.0,1.0,0.5,853,-0.005805037802348511,0.0,-0.005805037802348511
PIP3,"['Jnk', 'PIP2']","['Jnk', 'PIP2', 'PIP3']",1,0,0.0,1.0,0.5,853,-0.00014882116150114646,0.0,-0.00014882116150114646
PIP3,"['Akt', 'Erk']","['Akt', 'Erk', 'PIP3']",1,0,0.0,1.0,0.5,853,-0.013234718840298209,0.0,-0.013234718840298209
PIP3,"['Erk', 'PKA']","['Erk', 'PKA', 'PIP3']",1,0,0.0,1.0,0.5,853,-0.010422955561142465,0.0,-0.010422955561142465
PIP3,"['Erk', 'PKC']","['Erk', 'PKC', 'PIP3']",1,0,0.0,1.0,0.5,853,-0.015331680167105744,0.0,-0.015331680167105744
PIP3,"['Erk', 'P38']","['Erk', 'P38', 'PIP3']",1,0,0.0,1.0,0.5,853,-0.015331680167105744,0.0,-0.015331680167105744
PIP3,"['Erk', 'Jnk']","['Erk', 'Jnk', 'PIP3']",1,0,0.0,1.0,0.5,853,-0.015331680167105744,0.0,-0.015331680167105744
PIP3,"['Akt', 'PKA']","['Akt', 'PKA', 'PIP3']",1,0,0.0,1.0,0.5,853,-0.007848185970427558,0.0,-0.007848185970427558
PIP3,"['Akt', 'PKC']","['Akt', 'PKC', 'PIP3']",1,0,0.0,1.0,0.5,853,-0.010614698068733717,0.0,-0.010614698068733717
PIP3,"['Akt', 'P38']","['Akt', 'P38', 'PIP3']",1,0,0.0,1.0,0.5,853,-0.010614698068733717,0.0,-0.010614698068733717
PIP3,"['Akt', 'Jnk']","['Akt', 'Jnk', 'PIP3']",1,0,0.0,1.0,0.5,853,-0.010614698068733717,0.0,-0.010614698068733717
PIP3,"['PKA', 'PKC']","['PKA', 'PKC', 'PIP3']",1,0,0.0,1.0,0.5,853,0.017674885342644688,0.0,0.017674885342644688
PIP3,"['P38', 'PKA']","['P38', 'PKA', 'PIP3']",1,0,0.0,1.0,0.5,853,-0.013130389970659111,0.0,-0.013130389970659111
PIP3,"['Jnk', 'PKA']","['Jnk', 'PKA', 'PIP3']",1,0,0.0,1.0,0.5,853,-0.004455615826721856,0.0,-0.004455615826721856
PIP3,"['P38', 'PKC']","['P38', 'PKC', 'PIP3']",1,0,0.0,1.0,0.5,853,-0.014265827007745686,0.0,-0.014265827007745686
PIP3,"['Jnk', 'PKC']","['Jnk', 'PKC', 'PIP3']",1,0,0.0,1.0,0.5,853,-0.0037655803596533207,0.0,-0.0037655803596533207
PIP3,"['Jnk', 'P38']","['Jnk', 'P38', 'PIP3']",1,0,0.0,1.0,0.5,853,-0.004455615826721856,0.0,-0.004455615826721856
Erk,"['Mek', 'Raf']","['Mek', 'Raf', 'Erk']",1,0,0.0,1.0,0.5,853,0.028175113898315663,0.0,0.028175113898315663
Erk,"['Plcg', 'Raf']","['Plcg', 'Raf', 'Erk']",1,0,0.0,1.0,0.5,853,0.04207277981086976,0.0,0.04207277981086976
Erk,"['PIP2', 'Raf']","['PIP2', 'Raf', 'Erk']",1,0,0.0,1.0,0.5,853,0.025435884207908793,0.0,0.025435884207908793
Erk,"['PIP3', 'Raf']","['PIP3', 'Raf', 'Erk']",1,0,0.0,1.0,0.5,853,-0.015331680167105746,0.0,-0.015331680167105746
Erk,"['Akt', 'Raf']","['Akt', 'Raf', 'Erk']",1,0,0.0,1.0,0.5,853,0.6314174590847679,0.637452602826007,0.6314174590847679
Erk,"['PKA', 'Raf']","['PKA', 'Raf', 'Erk']",1,0,0.0,1.0,0.5,853,0.0730864599516714,0.1625460017720493,0.0730864599516714
Erk,"['PKC', 'Raf']","['PKC', 'Raf', 'Erk']",1,0,0.0,1.0,0.5,853,0.0029880299310360405,0.0,0.0029880299310360405
Erk,"['P38', 'Raf']","['P38', 'Raf', 'Erk']",1,0,0.0,1.0,0.5,853,-0.02340741797529005,0.0,-0.02340741797529005
Erk,"['Jnk', 'Raf']","['Jnk', 'Raf', 'Erk']",1,0,0.0,1.0,0.5,853,-0.014102102893917393,0.0,-0.014102102893917393
Erk,"['Mek', 'Plcg']","['Mek', 'Plcg', 'Erk']",1,0,0.0,1.0,0.5,853,0.023261446355700634,0.0,0.023261446355700634
Erk,"['Mek', 'PIP2']","['Mek', 'PIP2', 'Erk']",1,0,0.0,1.0,0.5,853,0.023261446355700634,0.0,0.023261446355700634
Erk,"['Mek', 'PIP3']","['Mek', 'PIP3', 'Erk']",1,0,0.0,1.0,0.5,853,0.023261446355700634,0.0,0.023261446355700634
Erk,"['Akt', 'Mek']","['Akt', 'Mek', 'Erk']",5,0,0.0,0.2019906323185011,0.10099531615925054,168,0.5932981067887368,0.6203934524451986,0.6314174590847679
Erk,"['Akt', 'Mek']","['Akt', 'Mek', 'Erk']",5,1,0.2019906323185011,0.4017564402810305,0.3018735362997658,173,0.6231908678891834,0.6003609754447565,0.6314174590847679
Erk,"['Akt', 'Mek']","['Akt', 'Mek', 'Erk']",5,2,0.4017564402810305,0.6030444964871194,0.502400468384075,170,0.6694171536555605,0.6871338535009283,0.6314174590847679
Erk,"['Akt', 'Mek']","['Akt', 'Mek', 'Erk']",5,3,0.6030444964871194,0.7998829039812647,0.7014637002341921,171,0.6279226425803612,0.6269411145067519,0.6314174590847679
Erk,"['Akt', 'Mek']","['Akt', 'Mek', 'Erk']",5,4,0.7998829039812647,1.0,0.8999414519906324,171,0.6520495506322069,0.6517287399648736,0.6314174590847679
Erk,"['Mek', 'PKA']","['Mek', 'PKA', 'Erk']",1,0,0.0,1.0,0.5,853,0.02244842331347872,0.0,0.02244842331347872
Erk,"['Mek', 'PKC']","['Mek', 'PKC', 'Erk']",1,0,0.0,1.0,0.5,853,0.023261446355700634,0.0,0.023261446355700634
Erk,"['Mek', 'P38']","['Mek', 'P38', 'Erk']",1,0,0.0,1.0,0.5,853,0.023261446355700634,0.0,0.023261446355700634
Erk,"['Jnk', 'Mek']","['Jnk', 'Mek', 'Erk']",1,0,0.0,1.0,0.5,853,-0.014102102893917393,0.0,-0.014102102893917393
Erk,"['PIP2', 'Plcg']","['PIP2', 'Plcg', 'Erk']",1,0,0.0,1.0,0.5,853,0.018978018490016672,0.0,0.018978018490016672
Erk,"['PIP3', 'Plcg']","['PIP3', 'Plcg', 'Erk']",1,0,0.0,1.0,0.5,853,-0.02188917084887434,0.0,-0.02188917084887434
Erk,"['Akt', 'Plcg']","['Akt', 'Plcg', 'Erk']",1,0,0.0,1.0,0.5,853,0.6314174590847679,0.637452602826007,0.6314174590847679
Erk,"['PKA', 'Plcg']","['PKA', 'Plcg', 'Erk']",1,0,0.0,1.0,0.5,853,0.0730864599516714,0.1625460017720493,0.0730864599516714
Erk,"['PKC', 'Plcg']","['PKC', 'Plcg', 'Erk']",1,0,0.0,1.0,0.5,853,0.0029880299310360405,0.0,0.0029880299310360405
Erk,"['P38', 'Plcg']","['P38', 'Plcg', 'Erk']",1,0,0.0,1.0,0.5,853,-0.02340741797529005,0.0,-0.02340741797529005
Erk,"['Jnk', 'Plcg']","['Jnk', 'Plcg', 'Erk']",1,0,0.0,1.0,0.5,853,-0.014102102893917393,0.0,-0.014102102893917393
Erk,"['PIP2', 'PIP3']","['PIP2', 'PIP3', 'Erk']",1,0,0.0,1.0,0.5,853,0.03908882522426469,0.0,0.03908882522426469
Erk,"['Akt', 'PIP2']","['Akt', 'PIP2', 'Erk']",1,0,0.0,1.0,0.5,853,0.6314174590847679,0.637452602826007,0.6314174590847679
Erk,"['PIP2', 'PKA']","['PIP2', 'PKA', 'Erk']",1,0,0.0,1.0,0.5,853,0.031059638387394565,0.0,0.031059638387394565
Erk,"['PIP2', 'PKC']","['PIP2', 'PKC', 'Erk']",1,0,0.0,1.0,0.5,853,0.025435884207908793,0.0,0.025435884207908793
Erk,"['P38', 'PIP2']","['P38', 'PIP2', 'Erk']",1,0,0.0,1.0,0.5,853,-0.02340741797529005,0.0,-0.02340741797529005
Erk,"['Jnk', 'PIP2']","['Jnk', 'PIP2', 'Erk']",1,0,0.0,1.0,0.5,853,-0.014102102893917393,0.0,-0.014102102893917393
Erk,"['Akt', 'PIP3']","['Akt', 'PIP3', 'Erk']",1,0,0.0,1.0,0.5,853,0.6314174590847679,0.637452602826007,0.6314174590847679
Erk,"['PIP3', 'PKA']","['PIP3', 'PKA', 'Erk']",1,0,0.0,1.0,0.5,853,-0.010422955561142467,0.0,-0.010422955561142467
Erk,"['PIP3', 'PKC']","['PIP3', 'PKC', 'Erk']",1,0,0.0,1.0,0.5,853,-0.015331680167105746,0.0,-0.015331680167105746
Erk,"['P38', 'PIP3']","['P38', 'PIP3', 'Erk']",1,0,0.0,1.0,0.5,853,-0.02340741797529005,0.0,-0.02340741797529005
Erk,"['Jnk', 'PIP3']","['Jnk', 'PIP3', 'Erk']",1,0,0.0,1.0,0.5,853,-0.014102102893917393,0.0,-0.014102102893917393
Erk,"['Akt', 'PKA']","['PKA', 'Akt', 'Erk']",5,0,0.0,0.1984777517564402,0.0992388758782201,166,0.0343921139101862,0.0845931880828091,-0.13988023161145857
Erk,"['Akt', 'PKA']","['PKA', 'Akt', 'Erk']",5,1,0.1984777517564402,0.3992974238875878,0.298887587822014,171,-0.08195706105694534,-0.03756729076704598,-0.13988023161145857
Erk,"['Akt', 'PKA']","['PKA', 'Akt', 'Erk']",5,2,0.3992974238875878,0.5977751756440282,0.498536299765808,169,-0.30395265347057254,-0.2949164913957604,-0.13988023161145857
Erk,"['Akt', 'PKA']","['PKA', 'Akt', 'Erk']",5,3,0.5977751756440282,0.8010538641686183,0.6994145199063233,176,-0.3479672684764255,-0.33718742671864943,-0.13988023161145857
Erk,"['Akt', 'PKA']","['PKA', 'Akt', 'Erk']",5,4,0.8010538641686183,1.0,0.9005269320843092,171,-0.044656987545585905,0.02001711740457775,-0.13988023161145857
Erk,"['Akt', 'PKC']","['Akt', 'PKC', 'Erk']",1,0,0.0,1.0,0.5,853,0.6314174590847679,0.637452602826007,0.6314174590847679
Erk,"['Akt', 'P38']","['Akt', 'P38', 'Erk']",5,0,0.0,0.20187353629976582,0.10093676814988291,171,0.6287549742108658,0.645012134747961,0.6314174590847679
Erk,"['Akt', 'P38']","['Akt', 'P38', 'Erk']",5,1,0.20187353629976582,0.4022248243559719,0.30204918032786887,168,0.6511714018526339,0.6839770560716839,0.6314174590847679
Erk,"['Akt', 'P38']","['Akt', 'P38', 'Erk']",5,2,0.4022248243559719,0.6018735362997658,0.5020491803278688,172,0.5925799932976715,0.6096090298119998,0.6314174590847679
Erk,"['Akt', 'P38']","['Akt', 'P38', 'Erk']",5,3,0.6018735362997658,0.7985948477751758,0.7002341920374708,171,0.6637882560599063,0.6402726173979334,0.6314174590847679
Erk,"['Akt', 'P38']","['Akt', 'P38', 'Erk']",5,4,0.7985948477751758,1.0,0.8992974238875879,171,0.6136810693246209,0.6111866550653341,0.6314174590847679
Erk,"['Akt', 'Jnk']","['Akt', 'Jnk', 'Erk']",1,0,0.0,1.0,0.5,853,0.6314174590847679,0.637452602826007,0.6314174590847679
Erk,"['PKA', 'PKC']","['PKA', 'PKC', 'Erk']",1,0,0.0,1.0,0.5,853,0.0730864599516714,0.1625460017720493,0.0730864599516714
Erk,"['P38', 'PKA']","['P38', 'PKA', 'Erk']",1,0,0.0,1.0,0.5,853,-0.0341795617054388,0.0,-0.0341795617054388
Erk,"['Jnk', 'PKA']","['Jnk', 'PKA', 'Erk']",1,0,0.0,1.0,0.5,853,-0.006021828006186584,0.0,-0.006021828006186584
Erk,"['P38', 'PKC']","['P38', 'PKC', 'Erk']",1,0,0.0,1.0,0.5,853,-0.029098702193275056,0.0,-0.029098702193275056
Erk,"['Jnk', 'PKC']","['Jnk', 'PKC', 'Erk']",1,0,0.0,1.0,0.5,853,-0.01597307366809364,0.0,-0.01597307366809364
Erk,"['Jnk', 'P38']","['Jnk', 'P38', 'Erk']",1,0,0.0,1.0,0.5,853,-0.014102102893917393,0.0,-0.014102102893917393
Akt,"['Mek', 'Raf']","['Mek', 'Raf', 'Akt']",1,0,0.0,1.0,0.5,853,0.023185376976577365,0.0,0.023185376976577365
Akt,"['Plcg', 'Raf']","['Plcg', 'Raf', 'Akt']",1,0,0.0,1.0,0.5,853,0.04922338580367831,0.0,0.04922338580367831
Akt,"['PIP2', 'Raf']","['PIP2', 'Raf', 'Akt']",1,0,0.0,1.0,0.5,853,0.006616804524549699,0.0,0.006616804524549699
Akt,"['PIP3', 'Raf']","['PIP3', 'Raf', 'Akt']",1,0,0.0,1.0,0.5,853,-0.010614698068733717,0.0,-0.010614698068733717
Akt,"['Erk', 'Raf']","['Erk', 'Raf', 'Akt']",1,0,0.0,1.0,0.5,853,0.6314174590847679,0.637452602826007,0.6314174590847679
Akt,"['PKA', 'Raf']","['PKA', 'Raf', 'Akt']",6,0,0.0,0.1668618266978922,0.0834309133489461,141,-0.008975012795275402,0.10897461583233464,0.18188379110320302
Akt,"['PKA', 'Raf']","['PKA', 'Raf', 'Akt']",6,1,0.1668618266978922,0.3360655737704918,0.251463700234192,142,0.20273865753234874,0.2642538732167592,0.18188379110320302
Akt,"['PKA', 'Raf']","['PKA', 'Raf', 'Akt']",6,2,0.3360655737704918,0.5,0.4180327868852459,140,0.1626310345389991,0.23615642054820218,0.18188379110320302
Akt,"['PKA', 'Raf']","['PKA', 'Raf', 'Akt']",6,3,0.5,0.6639344262295082,0.5819672131147541,141,0.31301516879059055,0.3001940556985987,0.18188379110320302
Akt,"['PKA', 'Raf']","['PKA', 'Raf', 'Akt']",6,4,0.6639344262295082,0.833723653395784,0.748829039812646,146,0.18657678226392246,0.24301067077213379,0.18188379110320302
Akt,"['PKA', 'Raf']","['PKA', 'Raf', 'Akt']",6,5,0.833723653395784,1.0,0.9168618266978921,143,0.20011883247556062,0.24462905728704362,0.18188379110320302
Akt,"['PKC', 'Raf']","['PKC', 'Raf', 'Akt']",1,0,0.0,1.0,0.5,853,0.014253883403003887,0.0,0.014253883403003887
Akt,"['P38', 'Raf']","['P38', 'Raf', 'Akt']",1,0,0.0,1.0,0.5,853,-0.011553133833852335,0.0,-0.011553133833852335
Akt,"['Jnk', 'Raf']","['Jnk', 'Raf', 'Akt']",1,0,0.0,1.0,0.5,853,-0.008631633732127185,0.0,-0.008631633732127185
Akt,"['Mek', 'Plcg']","['Mek', 'Plcg', 'Akt']",1,0,0.0,1.0,0.5,853,0.01146490016236693,0.0,0.01146490016236693
Akt,"['Mek', 'PIP2']","['Mek', 'PIP2', 'Akt']",1,0,0.0,1.0,0.5,853,0.01146490016236693,0.0,0.01146490016236693
Akt,"['Mek', 'PIP3']","['Mek', 'PIP3', 'Akt']",1,0,0.0,1.0,0.5,853,0.01146490016236693,0.0,0.01146490016236693
Akt,"['Erk', 'Mek']","['Erk', 'Mek', 'Akt']",5,0,0.0,0.2019906323185011,0.10099531615925054,168,0.5932981067887368,0.6203934524451986,0.6314174590847679
Akt,"['Erk', 'Mek']","['Erk', 'Mek', 'Akt']",5,1,0.2019906323185011,0.4017564402810305,0.3018735362997658,173,0.6231908678891833,0.6003609754447565,0.6314174590847679
Akt,"['Erk', 'Mek']","['Erk', 'Mek', 'Akt']",5,2,0.4017564402810305,0.6030444964871194,0.502400468384075,170,0.6694171536555605,0.6871338535009283,0.6314174590847679
Akt,"['Erk', 'Mek']","['Erk', 'Mek', 'Akt']",5,3,0.6030444964871194,0.7998829039812647,0.7014637002341921,171,0.6279226425803612,0.6269411145067519,0.6314174590847679
Akt,"['Erk', 'Mek']","['Erk', 'Mek', 'Akt']",5,4,0.7998829039812647,1.0,0.8999414519906324,171,0.6520495506322069,0.6517287399648736,0.6314174590847679
Akt,"['Mek', 'PKA']","['Mek', 'PKA', 'Akt']",1,0,0.0,1.0,0.5,853,0.006897830554315712,0.0,0.006897830554315712
Akt,"['Mek', 'PKC']","['Mek', 'PKC', 'Akt']",1,0,0.0,1.0,0.5,853,0.01146490016236693,0.0,0.01146490016236693
Akt,"['Mek', 'P38']","['Mek', 'P38', 'Akt']",1,0,0.0,1.0,0.5,853,0.01146490016236693,0.0,0.01146490016236693
Akt,"['Jnk', 'Mek']","['Jnk', 'Mek', 'Akt']",1,0,0.0,1.0,0.5,853,-0.008631633732127185,0.0,-0.008631633732127185
Akt,"['PIP2', 'Plcg']","['PIP2', 'Plcg', 'Akt']",1,0,0.0,1.0,0.5,853,-0.0012301408874716194,0.0,-0.0012301408874716194
Akt,"['PIP3', 'Plcg']","['PIP3', 'Plcg', 'Akt']",1,0,0.0,1.0,0.5,853,-0.018159698013334894,0.0,-0.018159698013334894
Akt,"['Erk', 'Plcg']","['Erk', 'Plcg', 'Akt']",1,0,0.0,1.0,0.5,853,0.6314174590847679,0.637452602826007,0.6314174590847679
Akt,"['PKA', 'Plcg']","['PKA', 'Plcg', 'Akt']",1,0,0.0,1.0,0.5,853,0.18188379110320302,0.24157611878500784,0.18188379110320302
Akt,"['PKC', 'Plcg']","['PKC', 'Plcg', 'Akt']",1,0,0.0,1.0,0.5,853,0.014253883403003887,0.0,0.014253883403003887
Akt,"['P38', 'Plcg']","['P38', 'Plcg', 'Akt']",1,0,0.0,1.0,0.5,853,-0.011553133833852335,0.0,-0.011553133833852335
Akt,"['Jnk', 'Plcg']","['Jnk', 'Plcg', 'Akt']",1,0,0.0,1.0,0.5,853,-0.008631633732127185,0.0,-0.008631633732127185
Akt,"['PIP2', 'PIP3']","['PIP2', 'PIP3', 'Akt']",1,0,0.0,1.0,0.5,853,0.013970001632900651,0.0,0.013970001632900651
Akt,"['Erk', 'PIP2']","['Erk', 'PIP2', 'Akt']",1,0,0.0,1.0,0.5,853,0.6314174590847679,0.637452602826007,0.6314174590847679
Akt,"['PIP2', 'PKA']","['PIP2', 'PKA', 'Akt']",1,0,0.0,1.0,0.5,853,0.01604775890091101,0.0,0.01604775890091101
Akt,"['PIP2', 'PKC']","['PIP2', 'PKC', 'Akt']",1,0,0.0,1.0,0.5,853,0.006616804524549699,0.0,0.006616804524549699
Akt,"['P38', 'PIP2']","['P38', 'PIP2', 'Akt']",1,0,0.0,1.0,0.5,853,-0.011553133833852335,0.0,-0.011553133833852335
Akt,"['Jnk', 'PIP2']","['Jnk', 'PIP2', 'Akt']",1,0,0.0,1.0,0.5,853,-0.008631633732127185,0.0,-0.008631633732127185
Akt,"['Erk', 'PIP3']","['Erk', 'PIP3', 'Akt']",1,0,0.0,1.0,0.5,853,0.6314174590847679,0.637452602826007,0.6314174590847679
Akt,"['PIP3', 'PKA']","['PIP3', 'PKA', 'Akt']",1,0,0.0,1.0,0.5,853,-0.007848185970427558,0.0,-0.007848185970427558
Akt,"['PIP3', 'PKC']","['PIP3', 'PKC', 'Akt']",1,0,0.0,1.0,0.5,853,-0.010614698068733717,0.0,-0.010614698068733717
Akt,"['P38', 'PIP3']","['P38', 'PIP3', 'Akt']",1,0,0.0,1.0,0.5,853,-0.011553133833852335,0.0,-0.011553133833852335
Akt,"['Jnk', 'PIP3']","['Jnk', 'PIP3', 'Akt']",1,0,0.0,1.0,0.5,853,-0.008631633732127185,0.0,-0.008631633732127185
Akt,"['Erk', 'PKA']","['PKA', 'Erk', 'Akt']",1,0,0.0,1.0,0.5,853,0.19949582514675152,0.16200252661559159,0.19949582514675152
Akt,"['Erk', 'PKC']","['Erk', 'PKC', 'Akt']",1,0,0.0,1.0,0.5,853,0.6314174590847679,0.637452602826007,0.6314174590847679
Akt,"['Erk', 'P38']","['Erk', 'P38', 'Akt']",5,0,0.0,0.20187353629976582,0.10093676814988291,171,0.6287549742108658,0.645012134747961,0.6314174590847679
Akt,"['Erk', 'P38']","['Erk', 'P38', 'Akt']",5,1,0.20187353629976582,0.4022248243559719,0.30204918032786887,168,0.651171401852634,0.6839770560716839,0.6314174590847679
Akt,"['Erk', 'P38']","['Erk', 'P38', 'Akt']",5,2,0.4022248243559719,0.6018735362997658,0.5020491803278688,172,0.5925799932976716,0.6096090298119998,0.6314174590847679
Akt,"['Erk', 'P38']","['Erk', 'P38', 'Akt']",5,3,0.6018735362997658,0.7985948477751758,0.7002341920374708,171,0.6637882560599063,0.6402726173979334,0.6314174590847679
Akt,"['Erk', 'P38']","['Erk', 'P38', 'Akt']",5,4,0.7985948477751758,1.0,0.8992974238875879,171,0.613681069324621,0.6111866550653341,0.6314174590847679
Akt,"['Erk', 'Jnk']","['Erk', 'Jnk', 'Akt']",1,0,0.0,1.0,0.5,853,0.6314174590847679,0.637452602826007,0.6314174590847679
Akt,"['PKA', 'PKC']","['PKA', 'PKC', 'Akt']",1,0,0.0,1.0,0.5,853,0.18188379110320302,0.24157611878500784,0.18188379110320302
Akt,"['P38', 'PKA']","['P38', 'PKA', 'Akt']",1,0,0.0,1.0,0.5,853,-0.029831077424626984,0.0,-0.029831077424626984
Akt,"['Jnk', 'PKA']","['Jnk', 'PKA', 'Akt']",1,0,0.0,1.0,0.5,853,0.00291030451895905,0.0,0.00291030451895905
Akt,"['P38', 'PKC']","['P38', 'PKC', 'Akt']",1,0,0.0,1.0,0.5,853,-0.019574928244786544,0.0,-0.019574928244786544
Akt,"['Jnk', 'PKC']","['Jnk', 'PKC', 'Akt']",1,0,0.0,1.0,0.5,853,-0.008655116827098524,0.0,-0.008655116827098524
Akt,"['Jnk', 'P38']","['Jnk', 'P38', 'Akt']",1,0,0.0,1.0,0.5,853,-0.008631633732127185,0.0,-0.008631633732127185
PKA,"['Mek', 'Raf']","['Mek', 'Raf', 'PKA']",1,0,0.0,1.0,0.5,853,0.0008966150042578284,0.0,0.0008966150042578284
PKA,"['Plcg', 'Raf']","['Plcg', 'Raf', 'PKA']",1,0,0.0,1.0,0.5,853,-0.030405139233948653,0.0,-0.030405139233948653
PKA,"['PIP2', 'Raf']","['PIP2', 'Raf', 'PKA']",1,0,0.0,1.0,0.5,853,0.0092755580595798,0.0,0.0092755580595798
PKA,"['PIP3', 'Raf']","['PIP3', 'Raf', 'PKA']",1,0,0.0,1.0,0.5,853,0.017674885342644688,0.0,0.017674885342644688
PKA,"['Erk', 'Raf']","['Erk', 'Raf', 'PKA']",1,0,0.0,1.0,0.5,853,0.0730864599516714,0.1625460017720493,0.0730864599516714
PKA,"['Akt', 'Raf']","['Akt', 'Raf', 'PKA']",6,0,0.0,0.1668618266978922,0.0834309133489461,141,-0.008975012795275402,0.10897461583233464,0.18188379110320305
PKA,"['Akt', 'Raf']","['Akt', 'Raf', 'PKA']",6,1,0.1668618266978922,0.3360655737704918,0.251463700234192,142,0.20273865753234874,0.2642538732167592,0.18188379110320305
PKA,"['Akt', 'Raf']","['Akt', 'Raf', 'PKA']",6,2,0.3360655737704918,0.5,0.4180327868852459,140,0.1626310345389991,0.23615642054820218,0.18188379110320305
PKA,"['Akt', 'Raf']","['Akt', 'Raf', 'PKA']",6,3,0.5,0.6639344262295082,0.5819672131147541,141,0.31301516879059055,0.3001940556985987,0.18188379110320305
PKA,"['Akt', 'Raf']","['Akt', 'Raf', 'PKA']",6,4,0.6639344262295082,0.833723653395784,0.748829039812646,146,0.18657678226392244,0.24301067077213379,0.18188379110320305
PKA,"['Akt', 'Raf']","['Akt', 'Raf', 'PKA']",6,5,0.833723653395784,1.0,0.9168618266978921,143,0.2001188324755606,0.24462905728704362,0.18188379110320305
PKA,"['PKC', 'Raf']","['PKC', 'Raf', 'PKA']",1,0,0.0,1.0,0.5,853,0.017617558752653754,0.0,0.017617558752653754
PKA,"['P38', 'Raf']","['P38', 'Raf', 'PKA']",1,0,0.0,1.0,0.5,853,0.01868057716557113,0.0,0.01868057716557113
PKA,"['Jnk', 'Raf']","['Jnk', 'Raf', 'PKA']",1,0,0.0,1.0,0.5,853,-0.010241496790432294,0.0,-0.010241496790432294
PKA,"['Mek', 'Plcg']","['Mek', 'Plcg', 'PKA']",1,0,0.0,1.0,0.5,853,-0.0036371783522500113,0.0,-0.0036371783522500113
PKA,"['Mek', 'PIP2']","['Mek', 'PIP2', 'PKA']",1,0,0.0,1.0,0.5,853,-0.0036371783522500113,0.0,-0.0036371783522500113
PKA,"['Mek', 'PIP3']","['Mek', 'PIP3', 'PKA']",1,0,0.0,1.0,0.5,853,-0.0036371783522500113,0.0,-0.0036371783522500113
PKA,"['Erk', 'Mek']","['Erk', 'Mek', 'PKA']",1,0,0.0,1.0,0.5,853,0.0730864599516714,0.1625460017720493,0.0730864599516714
PKA,"['Akt', 'Mek']","['Akt', 'Mek', 'PKA']",1,0,0.0,1.0,0.5,853,0.18188379110320305,0.24157611878500784,0.18188379110320305
PKA,"['Mek', 'PKC']","['Mek', 'PKC', 'PKA']",1,0,0.0,1.0,0.5,853,-0.0036371783522500113,0.0,-0.0036371783522500113
PKA,"['Mek', 'P38']","['Mek', 'P38', 'PKA']",1,0,0.0,1.0,0.5,853,-0.0036371783522500113,0.0,-0.0036371783522500113
PKA,"['Jnk', 'Mek']","['Jnk', 'Mek', 'PKA']",1,0,0.0,1.0,0.5,853,-0.010241496790432294,0.0,-0.010241496790432294
PKA,"['PIP2', 'Plcg']","['PIP2', 'Plcg', 'PKA']",1,0,0.0,1.0,0.5,853,0.008306701720314925,0.0,0.008306701720314925
PKA,"['PIP3', 'Plcg']","['PIP3', 'Plcg', 'PKA']",1,0,0.0,1.0,0.5,853,0.016577493613799073,0.0,0.016577493613799073
PKA,"['Erk', 'Plcg']","['Erk', 'Plcg', 'PKA']",1,0,0.0,1.0,0.5,853,0.0730864599516714,0.1625460017720493,0.0730864599516714
PKA,"['Akt', 'Plcg']","['Akt', 'Plcg', 'PKA']",1,0,0.0,1.0,0.5,853,0.18188379110320305,0.24157611878500784,0.18188379110320305
PKA,"['PKC', 'Plcg']","['PKC', 'Plcg', 'PKA']",1,0,0.0,1.0,0.5,853,0.017617558752653754,0.0,0.017617558752653754
PKA,"['P38', 'Plcg']","['P38', 'Plcg', 'PKA']",1,0,0.0,1.0,0.5,853,0.01868057716557113,0.0,0.01868057716557113
PKA,"['Jnk', 'Plcg']","['Jnk', 'Plcg', 'PKA']",1,0,0.0,1.0,0.5,853,-0.010241496790432294,0.0,-0.010241496790432294
PKA,"['PIP2', 'PIP3']","['PIP2', 'PIP3', 'PKA']",1,0,0.0,1.0,0.5,853,0.004375402952096234,0.0,0.004375402952096234
PKA,"['Erk', 'PIP2']","['Erk', 'PIP2', 'PKA']",1,0,0.0,1.0,0.5,853,0.0730864599516714,0.1625460017720493,0.0730864599516714
PKA,"['Akt', 'PIP2']","['Akt', 'PIP2', 'PKA']",1,0,0.0,1.0,0.5,853,0.18188379110320305,0.24157611878500784,0.18188379110320305
PKA,"['PIP2', 'PKC']","['PIP2', 'PKC', 'PKA']",1,0,0.0,1.0,0.5,853,0.0092755580595798,0.0,0.0092755580595798
PKA,"['P38', 'PIP2']","['P38', 'PIP2', 'PKA']",1,0,0.0,1.0,0.5,853,0.01868057716557113,0.0,0.01868057716557113
PKA,"['Jnk', 'PIP2']","['Jnk', 'PIP2', 'PKA']",1,0,0.0,1.0,0.5,853,-0.010241496790432294,0.0,-0.010241496790432294
PKA,"['Erk', 'PIP3']","['Erk', 'PIP3', 'PKA']",1,0,0.0,1.0,0.5,853,0.0730864599516714,0.1625460017720493,0.0730864599516714
PKA,"['Akt', 'PIP3']","['Akt', 'PIP3', 'PKA']",1,0,0.0,1.0,0.5,853,0.18188379110320305,0.24157611878500784,0.18188379110320305
PKA,"['PIP3', 'PKC']","['PIP3', 'PKC', 'PKA']",1,0,0.0,1.0,0.5,853,0.017674885342644688,0.0,0.017674885342644688
PKA,"['P38', 'PIP3']","['P38', 'PIP3', 'PKA']",1,0,0.0,1.0,0.5,853,0.01868057716557113,0.0,0.01868057716557113
PKA,"['Jnk', 'PIP3']","['Jnk', 'PIP3', 'PKA']",1,0,0.0,1.0,0.5,853,-0.010241496790432294,0.0,-0.010241496790432294
PKA,"['Akt', 'Erk']","['Erk', 'Akt', 'PKA']",5,0,0.0,0.1984777517564402,0.0992388758782201,166,0.0343921139101862,0.0845931880828091,-0.13988023161145857
PKA,"['Akt', 'Erk']","['Erk', 'Akt', 'PKA']",5,1,0.1984777517564402,0.3992974238875878,0.298887587822014,171,-0.08195706105694534,-0.03756729076704598,-0.13988023161145857
PKA,"['Akt', 'Erk']","['Erk', 'Akt', 'PKA']",5,2,0.3992974238875878,0.5977751756440282,0.498536299765808,169,-0.3039526534705726,-0.2949164913957604,-0.13988023161145857
PKA,"['Akt', 'Erk']","['Erk', 'Akt', 'PKA']",5,3,0.5977751756440282,0.8010538641686183,0.6994145199063233,176,-0.3479672684764255,-0.33718742671864943,-0.13988023161145857
PKA,"['Akt', 'Erk']","['Erk', 'Akt', 'PKA']",5,4,0.8010538641686183,1.0,0.9005269320843092,171,-0.044656987545585905,0.02001711740457775,-0.13988023161145857
PKA,"['Erk', 'PKC']","['Erk', 'PKC', 'PKA']",1,0,0.0,1.0,0.5,853,0.0730864599516714,0.1625460017720493,0.0730864599516714
PKA,"['Erk', 'P38']","['Erk', 'P38', 'PKA']",1,0,0.0,1.0,0.5,853,0.0730864599516714,0.1625460017720493,0.0730864599516714
PKA,"['Erk', 'Jnk']","['Erk', 'Jnk', 'PKA']",1,0,0.0,1.0,0.5,853,0.0730864599516714,0.1625460017720493,0.0730864599516714
PKA,"['Akt', 'PKC']","['Akt', 'PKC', 'PKA']",1,0,0.0,1.0,0.5,853,0.18188379110320305,0.24157611878500784,0.18188379110320305
PKA,"['Akt', 'P38']","['Akt', 'P38', 'PKA']",1,0,0.0,1.0,0.5,853,0.18188379110320305,0.24157611878500784,0.18188379110320305
PKA,"['Akt', 'Jnk']","['Akt', 'Jnk', 'PKA']",6,0,0.0,0.167447306791569,0.0837236533957845,142,0.14378890029593866,0.20347942675971725,0.18188379110320305
PKA,"['Akt', 'Jnk']","['Akt', 'Jnk', 'PKA']",6,1,0.167447306791569,0.3325526932084309,0.24999999999999994,140,0.23196790521364832,0.27471184293266643,0.18188379110320305
PKA,"['Akt', 'Jnk']","['Akt', 'Jnk', 'PKA']",6,2,0.3325526932084309,0.5023419203747073,0.41744730679156905,144,0.22610392805640767,0.2742387929290045,0.18188379110320305
PKA,"['Akt', 'Jnk']","['Akt', 'Jnk', 'PKA']",6,3,0.5023419203747073,0.6639344262295082,0.5831381733021077,137,0.3102687997176567,0.2786816466798589,0.18188379110320305
PKA,"['Akt', 'Jnk']","['Akt', 'Jnk', 'PKA']",6,4,0.6639344262295082,0.832552693208431,0.7482435597189696,146,0.133225798494201,0.2332255045227502,0.18188379110320305
PKA,"['Akt', 'Jnk']","['Akt', 'Jnk', 'PKA']",6,5,0.832552693208431,1.0,0.9162763466042154,144,0.0671613038508199,0.1518943988355556,0.18188379110320305
PKA,"['P38', 'PKC']","['P38', 'PKC', 'PKA']",1,0,0.0,1.0,0.5,853,0.017882666015246528,0.0,0.017882666015246528
PKA,"['Jnk', 'PKC']","['Jnk', 'PKC', 'PKA']",1,0,0.0,1.0,0.5,853,-0.012966289633171754,0.0,-0.012966289633171754
PKA,"['Jnk', 'P38']","['Jnk', 'P38', 'PKA']",1,0,0.0,1.0,0.5,853,-0.010241496790432294,0.0,-0.010241496790432294
PKC,"['Mek', 'Raf']","['Mek', 'Raf', 'PKC']",1,0,0.0,1.0,0.5,853,-0.008157336089677189,0.0,-0.008157336089677189
PKC,"['Plcg', 'Raf']","['Plcg', 'Raf', 'PKC']",1,0,0.0,1.0,0.5,853,-0.008613294859346516,0.0,-0.008613294859346516
PKC,"['PIP2', 'Raf']","['PIP2', 'Raf', 'PKC']",1,0,0.0,1.0,0.5,853,-0.013135778323949169,0.0,-0.013135778323949169
PKC,"['PIP3', 'Raf']","['PIP3', 'Raf', 'PKC']",1,0,0.0,1.0,0.5,853,0.00892483615274064,0.0,0.00892483615274064
PKC,"['Erk', 'Raf']","['Erk', 'Raf', 'PKC']",1,0,0.0,1.0,0.5,853,0.002988029931036041,0.0,0.002988029931036041
PKC,"['Akt', 'Raf']","['Akt', 'Raf', 'PKC']",1,0,0.0,1.0,0.5,853,0.014253883403003886,0.0,0.014253883403003886
PKC,"['PKA', 'Raf']","['PKA', 'Raf', 'PKC']",1,0,0.0,1.0,0.5,853,0.017617558752653754,0.0,0.017617558752653754
PKC,"['P38', 'Raf']","['P38', 'Raf', 'PKC']",5,0,0.0,0.1996487119437939,0.09982435597189696,166,0.5565092775832574,0.5427883950154374,0.5483394125466923
PKC,"['P38', 'Raf']","['P38', 'Raf', 'PKC']",5,1,0.1996487119437939,0.4015222482435598,0.30058548009367686,175,0.5035787852640837,0.48081775389805326,0.5483394125466923
PKC,"['P38', 'Raf']","['P38', 'Raf', 'PKC']",5,2,0.4015222482435598,0.6001170960187353,0.5008196721311475,168,0.5367934801980725,0.5178317845110479,0.5483394125466923
PKC,"['P38', 'Raf']","['P38', 'Raf', 'PKC']",5,3,0.6001170960187353,0.7962529274004684,0.6981850117096018,166,0.5926226292906923,0.5847566963193693,0.5483394125466923
PKC,"['P38', 'Raf']","['P38', 'Raf', 'PKC']",5,4,0.7962529274004684,1.0,0.8981264637002342,178,0.5649060916618205,0.5373195302004323,0.5483394125466923
PKC,"['Jnk', 'Raf']","['Jnk', 'Raf', 'PKC']",1,0,0.0,1.0,0.5,853,-0.1012851170189287,-0.13286143302929895,-0.1012851170189287
PKC,"['Mek', 'Plcg']","['Mek', 'Plcg', 'PKC']",1,0,0.0,1.0,0.5,853,-0.029181072663612296,0.0,-0.029181072663612296
PKC,"['Mek', 'PIP2']","['Mek', 'PIP2', 'PKC']",1,0,0.0,1.0,0.5,853,-0.029181072663612296,0.0,-0.029181072663612296
PKC,"['Mek', 'PIP3']","['Mek', 'PIP3', 'PKC']",1,0,0.0,1.0,0.5,853,-0.029181072663612296,0.0,-0.029181072663612296
PKC,"['Erk', 'Mek']","['Erk', 'Mek', 'PKC']",1,0,0.0,1.0,0.5,853,0.002988029931036041,0.0,0.002988029931036041
PKC,"['Akt', 'Mek']","['Akt', 'Mek', 'PKC']",1,0,0.0,1.0,0.5,853,0.014253883403003886,0.0,0.014253883403003886
PKC,"['Mek', 'PKA']","['Mek', 'PKA', 'PKC']",1,0,0.0,1.0,0.5,853,-0.029181072663612296,0.0,-0.029181072663612296
PKC,"['Mek', 'P38']","['Mek', 'P38', 'PKC']",1,0,0.0,1.0,0.5,853,-0.01271422123782379,0.0,-0.01271422123782379
PKC,"['Jnk', 'Mek']","['Jnk', 'Mek', 'PKC']",6,0,0.0,0.1668618266978922,0.0834309133489461,137,-0.181133296231107,-0.20492589291891125,-0.1012851170189287
PKC,"['Jnk', 'Mek']","['Jnk', 'Mek', 'PKC']",6,1,0.1668618266978922,0.3337236533957845,0.2502927400468384,144,-0.007118132419438874,-0.05059275859011859,-0.1012851170189287
PKC,"['Jnk', 'Mek']","['Jnk', 'Mek', 'PKC']",6,2,0.3337236533957845,0.4982435597189695,0.415983606557377,140,0.03358401153806531,-0.06024883094187785,-0.1012851170189287
PKC,"['Jnk', 'Mek']","['Jnk', 'Mek', 'PKC']",6,3,0.4982435597189695,0.6668618266978923,0.5825526932084308,147,-0.1676171152708067,-0.14642811650905116,-0.1012851170189287
PKC,"['Jnk', 'Mek']","['Jnk', 'Mek', 'PKC']",6,4,0.6668618266978923,0.8343091334894609,0.7505854800936766,142,-0.18246495275934688,-0.23136028193481625,-0.1012851170189287
PKC,"['Jnk', 'Mek']","['Jnk', 'Mek', 'PKC']",6,5,0.8343091334894609,1.0,0.9171545667447305,143,-0.10807609783013766,-0.13145340467836555,-0.1012851170189287
PKC,"['PIP2', 'Plcg']","['PIP2', 'Plcg', 'PKC']",1,0,0.0,1.0,0.5,853,-0.008818868161669284,0.0,-0.008818868161669284
PKC,"['PIP3', 'Plcg']","['PIP3', 'Plcg', 'PKC']",1,0,0.0,1.0,0.5,853,0.01240813265344243,0.0,0.01240813265344243
PKC,"['Erk', 'Plcg']","['Erk', 'Plcg', 'PKC']",1,0,0.0,1.0,0.5,853,0.002988029931036041,0.0,0.002988029931036041
PKC,"['Akt', 'Plcg']","['Akt', 'Plcg', 'PKC']",1,0,0.0,1.0,0.5,853,0.014253883403003886,0.0,0.014253883403003886
PKC,"['PKA', 'Plcg']","['PKA', 'Plcg', 'PKC']",1,0,0.0,1.0,0.5,853,0.017617558752653754,0.0,0.017617558752653754
PKC,"['P38', 'Plcg']","['P38', 'Plcg', 'PKC']",1,0,0.0,1.0,0.5,853,0.5483394125466923,0.530283051544529,0.5483394125466923
PKC,"['Jnk', 'Plcg']","['Jnk', 'Plcg', 'PKC']",1,0,0.0,1.0,0.5,853,-0.1012851170189287,-0.13286143302929895,-0.1012851170189287
PKC,"['PIP2', 'PIP3']","['PIP2', 'PIP3', 'PKC']",1,0,0.0,1.0,0.5,853,-0.018668635295291246,0.0,-0.018668635295291246
PKC,"['Erk', 'PIP2']","['Erk', 'PIP2', 'PKC']",1,0,0.0,1.0,0.5,853,0.002988029931036041,0.0,0.002988029931036041
PKC,"['Akt', 'PIP2']","['Akt', 'PIP2', 'PKC']",1,0,0.0,1.0,0.5,853,0.014253883403003886,0.0,0.014253883403003886
PKC,"['PIP2', 'PKA']","['PIP2', 'PKA', 'PKC']",1,0,0.0,1.0,0.5,853,-0.013135778323949169,0.0,-0.013135778323949169
PKC,"['P38', 'PIP2']","['P38', 'PIP2', 'PKC']",1,0,0.0,1.0,0.5,853,0.5483394125466923,0.530283051544529,0.5483394125466923
PKC,"['Jnk', 'PIP2']","['Jnk', 'PIP2', 'PKC']",5,0,0.0,0.20105386416861828,0.10052693208430914,171,-0.08424175841710037,-0.07877769023851082,-0.1012851170189287
PKC,"['Jnk', 'PIP2']","['Jnk', 'PIP2', 'PKC']",5,1,0.20105386416861828,0.40093676814988294,0.3009953161592506,170,-0.1685393295365701,-0.184696799868949,-0.1012851170189287
PKC,"['Jnk', 'PIP2']","['Jnk', 'PIP2', 'PKC']",5,2,0.40093676814988294,0.6012880562060889,0.501112412177986,170,-0.006981534051414549,-0.0660505066608716,-0.1012851170189287
PKC,"['Jnk', 'PIP2']","['Jnk', 'PIP2', 'PKC']",5,3,0.6012880562060889,0.798360655737705,0.699824355971897,171,-0.1696354614349518,-0.21790039608011325,-0.1012851170189287
PKC,"['Jnk', 'PIP2']","['Jnk', 'PIP2', 'PKC']",5,4,0.798360655737705,1.0,0.8991803278688525,171,-0.09403155102430076,-0.13374658150694468,-0.1012851170189287
PKC,"['Erk', 'PIP3']","['Erk', 'PIP3', 'PKC']",1,0,0.0,1.0,0.5,853,0.002988029931036041,0.0,0.002988029931036041
PKC,"['Akt', 'PIP3']","['Akt', 'PIP3', 'PKC']",1,0,0.0,1.0,0.5,853,0.014253883403003886,0.0,0.014253883403003886
PKC,"['PIP3', 'PKA']","['PIP3', 'PKA', 'PKC']",1,0,0.0,1.0,0.5,853,0.00892483615274064,0.0,0.00892483615274064
PKC,"['P38', 'PIP3']","['P38', 'PIP3', 'PKC']",1,0,0.0,1.0,0.5,853,0.5483394125466923,0.530283051544529,0.5483394125466923
PKC,"['Jnk', 'PIP3']","['Jnk', 'PIP3', 'PKC']",5,0,0.0,0.2014051522248243,0.10070257611241215,170,-0.02263518432750977,-0.0576490207104344,-0.1012851170189287
PKC,"['Jnk', 'PIP3']","['Jnk', 'PIP3', 'PKC']",5,1,0.2014051522248243,0.4002341920374707,0.30081967213114746,171,-0.17886459267434643,-0.21048201148482482,-0.1012851170189287
PKC,"['Jnk', 'PIP3']","['Jnk', 'PIP3', 'PKC']",5,2,0.4002341920374707,0.5989461358313818,0.49959016393442623,168,-0.08742271932618438,-0.07033260798658192,-0.1012851170189287
PKC,"['Jnk', 'PIP3']","['Jnk', 'PIP3', 'PKC']",5,3,0.5989461358313818,0.7997658079625293,0.6993559718969555,172,-0.2151021951420576,-0.30185784688705153,-0.1012851170189287
PKC,"['Jnk', 'PIP3']","['Jnk', 'PIP3', 'PKC']",5,4,0.7997658079625293,1.0,0.8998829039812646,172,-0.01507760575135949,-0.07358189608546722,-0.1012851170189287
PKC,"['Akt', 'Erk']","['Akt', 'Erk', 'PKC']",1,0,0.0,1.0,0.5,853,0.0006947058301753127,0.0,0.0006947058301753127
PKC,"['Erk', 'PKA']","['Erk', 'PKA', 'PKC']",1,0,0.0,1.0,0.5,853,-0.0051386318696959995,0.0,-0.0051386318696959995
PKC,"['Erk', 'P38']","['Erk', 'P38', 'PKC']",1,0,0.0,1.0,0.5,853,0.009955036818561462,0.0,0.009955036818561462
PKC,"['Erk', 'Jnk']","['Erk', 'Jnk', 'PKC']",1,0,0.0,1.0,0.5,853,-0.0007553714506485427,0.0,-0.0007553714506485427
PKC,"['Akt', 'PKA']","['Akt', 'PKA', 'PKC']",1,0,0.0,1.0,0.5,853,0.0023763284825277014,0.0,0.0023763284825277014
PKC,"['Akt', 'P38']","['Akt', 'P38', 'PKC']",1,0,0.0,1.0,0.5,853,0.006798957041482151,0.0,0.006798957041482151
PKC,"['Akt', 'Jnk']","['Akt', 'Jnk', 'PKC']",1,0,0.0,1.0,0.5,853,0.010310014881993079,0.0,0.010310014881993079
PKC,"['P38', 'PKA']","['P38', 'PKA', 'PKC']",1,0,0.0,1.0,0.5,853,0.5483394125466923,0.530283051544529,0.5483394125466923
PKC,"['Jnk', 'PKA']","['Jnk', 'PKA', 'PKC']",5,0,0.0,0.2014051522248243,0.10070257611241215,169,-0.11751413865296816,-0.1272476733587846,-0.1012851170189287
PKC,"['Jnk', 'PKA']","['Jnk', 'PKA', 'PKC']",5,1,0.2014051522248243,0.398711943793911,0.30005854800936765,169,-0.1321648202723999,-0.19104030930557472,-0.1012851170189287
PKC,"['Jnk', 'PKA']","['Jnk', 'PKA', 'PKC']",5,2,0.398711943793911,0.6007025761124122,0.49970725995316156,172,-0.12557554717992309,-0.188998049187983,-0.1012851170189287
PKC,"['Jnk', 'PKA']","['Jnk', 'PKA', 'PKC']",5,3,0.6007025761124122,0.800351288056206,0.700526932084309,171,-0.06896075693613983,-0.05632577928673366,-0.1012851170189287
PKC,"['Jnk', 'PKA']","['Jnk', 'PKA', 'PKC']",5,4,0.800351288056206,1.0,0.900175644028103,172,-0.07698864967481117,-0.13401982697173095,-0.1012851170189287
PKC,"['Jnk', 'P38']","['Jnk', 'P38', 'PKC']",6,0,0.0,0.1680327868852459,0.08401639344262295,140,-0.2058526795946547,-0.016290750262930254,-0.20294085479786705
PKC,"['Jnk', 'P38']","['Jnk', 'P38', 'PKC']",6,1,0.1680327868852459,0.3307962529274004,0.24941451990632313,139,-0.45125290707425736,-0.41120657712350056,-0.20294085479786705
PKC,"['Jnk', 'P38']","['Jnk', 'P38', 'PKC']",6,2,0.3307962529274004,0.5017564402810304,0.4162763466042154,147,-0.26283869328300336,-0.33562003111122285,-0.20294085479786705
PKC,"['Jnk', 'P38']","['Jnk', 'P38', 'PKC']",6,3,0.5017564402810304,0.6680327868852459,0.5848946135831381,142,-0.19502464956486842,-0.3117924502190768,-0.20294085479786705
PKC,"['Jnk', 'P38']","['Jnk', 'P38', 'PKC']",6,4,0.6680327868852459,0.8307962529274004,0.7494145199063231,137,-0.25219365599385263,-0.3237392005736385,-0.20294085479786705
PKC,"['Jnk', 'P38']","['Jnk', 'P38', 'PKC']",6,5,0.8307962529274004,1.0,0.9153981264637002,148,0.09210663136454533,0.140045389458728,-0.20294085479786705
P38,"['Mek', 'Raf']","['Mek', 'Raf', 'P38']",1,0,0.0,1.0,0.5,853,0.006254874576429465,0.0,0.006254874576429465
P38,"['Plcg', 'Raf']","['Plcg', 'Raf', 'P38']",1,0,0.0,1.0,0.5,853,-0.0032026152434645075,0.0,-0.0032026152434645075
P38,"['PIP2', 'Raf']","['PIP2', 'Raf', 'P38']",1,0,0.0,1.0,0.5,853,-0.0015746304890369351,0.0,-0.0015746304890369351
P38,"['PIP3', 'Raf']","['PIP3', 'Raf', 'P38']",1,0,0.0,1.0,0.5,853,-0.013130389970659111,0.0,-0.013130389970659111
P38,"['Erk', 'Raf']","['Erk', 'Raf', 'P38']",1,0,0.0,1.0,0.5,853,-0.02340741797529005,0.0,-0.02340741797529005
P38,"['Akt', 'Raf']","['Akt', 'Raf', 'P38']",1,0,0.0,1.0,0.5,853,-0.011553133833852333,0.0,-0.011553133833852333
P38,"['PKA', 'Raf']","['PKA', 'Raf', 'P38']",1,0,0.0,1.0,0.5,853,0.01868057716557113,0.0,0.01868057716557113
P38,"['PKC', 'Raf']","['PKC', 'Raf', 'P38']",5,0,0.0,0.1996487119437939,0.09982435597189696,166,0.5565092775832573,0.5427883950154374,0.5483394125466923
P38,"['PKC', 'Raf']","['PKC', 'Raf', 'P38']",5,1,0.1996487119437939,0.4015222482435598,0.30058548009367686,175,0.5035787852640837,0.48081775389805326,0.5483394125466923
P38,"['PKC', 'Raf']","['PKC', 'Raf', 'P38']",5,2,0.4015222482435598,0.6001170960187353,0.5008196721311475,168,0.5367934801980724,0.5178317845110479,0.5483394125466923
P38,"['PKC', 'Raf']","['PKC', 'Raf', 'P38']",5,3,0.6001170960187353,0.7962529274004684,0.6981850117096018,166,0.5926226292906923,0.5847566963193693,0.5483394125466923
P38,"['PKC', 'Raf']","['PKC', 'Raf', 'P38']",5,4,0.7962529274004684,1.0,0.8981264637002342,178,0.5649060916618205,0.5373195302004323,0.5483394125466923
P38,"['Jnk', 'Raf']","['Jnk', 'Raf', 'P38']",1,0,0.0,1.0,0.5,853,-0.014967322862984574,0.0,-0.014967322862984574
P38,"['Mek', 'Plcg']","['Mek', 'Plcg', 'P38']",1,0,0.0,1.0,0.5,853,-0.024184870561678767,0.0,-0.024184870561678767
P38,"['Mek', 'PIP2']","['Mek', 'PIP2', 'P38']",1,0,0.0,1.0,0.5,853,-0.024184870561678767,0.0,-0.024184870561678767
P38,"['Mek', 'PIP3']","['Mek', 'PIP3', 'P38']",1,0,0.0,1.0,0.5,853,-0.024184870561678767,0.0,-0.024184870561678767
P38,"['Erk', 'Mek']","['Erk', 'Mek', 'P38']",1,0,0.0,1.0,0.5,853,-0.02340741797529005,0.0,-0.02340741797529005
P38,"['Akt', 'Mek']","['Akt', 'Mek', 'P38']",1,0,0.0,1.0,0.5,853,-0.011553133833852333,0.0,-0.011553133833852333
P38,"['Mek', 'PKA']","['Mek', 'PKA', 'P38']",1,0,0.0,1.0,0.5,853,-0.024184870561678767,0.0,-0.024184870561678767
P38,"['Mek', 'PKC']","['Mek', 'PKC', 'P38']",1,0,0.0,1.0,0.5,853,0.005016157597735167,0.0,0.005016157597735167
P38,"['Jnk', 'Mek']","['Jnk', 'Mek', 'P38']",1,0,0.0,1.0,0.5,853,-0.014967322862984574,0.0,-0.014967322862984574
P38,"['PIP2', 'Plcg']","['PIP2', 'Plcg', 'P38']",1,0,0.0,1.0,0.5,853,0.0005656088103259297,0.0,0.0005656088103259297
P38,"['PIP3', 'Plcg']","['PIP3', 'Plcg', 'P38']",1,0,0.0,1.0,0.5,853,-0.009858120574209083,0.0,-0.009858120574209083
P38,"['Erk', 'Plcg']","['Erk', 'Plcg', 'P38']",1,0,0.0,1.0,0.5,853,-0.02340741797529005,0.0,-0.02340741797529005
P38,"['Akt', 'Plcg']","['Akt', 'Plcg', 'P38']",1,0,0.0,1.0,0.5,853,-0.011553133833852333,0.0,-0.011553133833852333
P38,"['PKA', 'Plcg']","['PKA', 'Plcg', 'P38']",1,0,0.0,1.0,0.5,853,0.01868057716557113,0.0,0.01868057716557113
P38,"['PKC', 'Plcg']","['PKC', 'Plcg', 'P38']",1,0,0.0,1.0,0.5,853,0.5483394125466923,0.530283051544529,0.5483394125466923
P38,"['Jnk', 'Plcg']","['Jnk', 'Plcg', 'P38']",1,0,0.0,1.0,0.5,853,-0.014967322862984574,0.0,-0.014967322862984574
P38,"['PIP2', 'PIP3']","['PIP2', 'PIP3', 'P38']",1,0,0.0,1.0,0.5,853,-0.006114051221484934,0.0,-0.006114051221484934
P38,"['Erk', 'PIP2']","['Erk', 'PIP2', 'P38']",1,0,0.0,1.0,0.5,853,-0.02340741797529005,0.0,-0.02340741797529005
P38,"['Akt', 'PIP2']","['Akt', 'PIP2', 'P38']",1,0,0.0,1.0,0.5,853,-0.011553133833852333,0.0,-0.011553133833852333
P38,"['PIP2', 'PKA']","['PIP2', 'PKA', 'P38']",1,0,0.0,1.0,0.5,853,-0.0015746304890369351,0.0,-0.0015746304890369351
P38,"['PIP2', 'PKC']","['PIP2', 'PKC', 'P38']",1,0,0.0,1.0,0.5,853,0.02077634514342808,0.0,0.02077634514342808
P38,"['Jnk', 'PIP2']","['Jnk', 'PIP2', 'P38']",1,0,0.0,1.0,0.5,853,-0.014967322862984574,0.0,-0.014967322862984574
P38,"['Erk', 'PIP3']","['Erk', 'PIP3', 'P38']",1,0,0.0,1.0,0.5,853,-0.02340741797529005,0.0,-0.02340741797529005
P38,"['Akt', 'PIP3']","['Akt', 'PIP3', 'P38']",1,0,0.0,1.0,0.5,853,-0.011553133833852333,0.0,-0.011553133833852333
P38,"['PIP3', 'PKA']","['PIP3', 'PKA', 'P38']",1,0,0.0,1.0,0.5,853,-0.013130389970659111,0.0,-0.013130389970659111
P38,"['PIP3', 'PKC']","['PIP3', 'PKC', 'P38']",1,0,0.0,1.0,0.5,853,-0.014265827007745686,0.0,-0.014265827007745686
P38,"['Jnk', 'PIP3']","['Jnk', 'PIP3', 'P38']",1,0,0.0,1.0,0.5,853,-0.014967322862984574,0.0,-0.014967322862984574
P38,"['Akt', 'Erk']","['Akt', 'Erk', 'P38']",1,0,0.0,1.0,0.5,853,0.0036143931716828125,0.0,0.0036143931716828125
P38,"['Erk', 'PKA']","['Erk', 'PKA', 'P38']",1,0,0.0,1.0,0.5,853,-0.0341795617054388,0.0,-0.0341795617054388
P38,"['Erk', 'PKC']","['Erk', 'PKC', 'P38']",1,0,0.0,1.0,0.5,853,-0.029098702193275056,0.0,-0.029098702193275056
P38,"['Erk', 'Jnk']","['Erk', 'Jnk', 'P38']",1,0,0.0,1.0,0.5,853,-0.02340741797529005,0.0,-0.02340741797529005
P38,"['Akt', 'PKA']","['Akt', 'PKA', 'P38']",1,0,0.0,1.0,0.5,853,-0.029831077424626984,0.0,-0.029831077424626984
P38,"['Akt', 'PKC']","['Akt', 'PKC', 'P38']",1,0,0.0,1.0,0.5,853,-0.019574928244786544,0.0,-0.019574928244786544
P38,"['Akt', 'Jnk']","['Akt', 'Jnk', 'P38']",1,0,0.0,1.0,0.5,853,-0.011553133833852333,0.0,-0.011553133833852333
P38,"['PKA', 'PKC']","['PKA', 'PKC', 'P38']",1,0,0.0,1.0,0.5,853,0.01788266601524653,0.0,0.01788266601524653
P38,"['Jnk', 'PKA']","['Jnk', 'PKA', 'P38']",1,0,0.0,1.0,0.5,853,-0.014967322862984574,0.0,-0.014967322862984574
P38,"['Jnk', 'PKC']","['Jnk', 'PKC', 'P38']",5,0,0.0,0.20140515222482436,0.10070257611241218,171,-0.10079119367045064,-0.09327111688306772,0.17898507151886278
P38,"['Jnk', 'PKC']","['Jnk', 'PKC', 'P38']",5,1,0.20140515222482436,0.4010538641686182,0.3012295081967213,168,0.18242737491538924,0.13455140246660707,0.17898507151886278
P38,"['Jnk', 'PKC']","['Jnk', 'PKC', 'P38']",5,2,0.4010538641686182,0.6018735362997658,0.501463700234192,171,0.25587557585973275,0.3861577852913775,0.17898507151886278
P38,"['Jnk', 'PKC']","['Jnk', 'PKC', 'P38']",5,3,0.6018735362997658,0.7985948477751756,0.7002341920374707,169,0.3246538227331338,0.5012385831380619,0.17898507151886278
P38,"['Jnk', 'PKC']","['Jnk', 'PKC', 'P38']",5,4,0.7985948477751756,1.0,0.8992974238875878,174,0.345072762309788,0.43387774553923814,0.17898507151886278
Jnk,"['Mek', 'Raf']","['Mek', 'Raf', 'Jnk']",1,0,0.0,1.0,0.5,853,-0.03669609652016769,0.0,-0.03669609652016769
Jnk,"['Plcg', 'Raf']","['Plcg', 'Raf', 'Jnk']",1,0,0.0,1.0,0.5,853,0.023915267213063203,0.0,0.023915267213063203
Jnk,"['PIP2', 'Raf']","['PIP2', 'Raf', 'Jnk']",1,0,0.0,1.0,0.5,853,0.002999473006498038,0.0,0.002999473006498038
Jnk,"['PIP3', 'Raf']","['PIP3', 'Raf', 'Jnk']",1,0,0.0,1.0,0.5,853,-0.004455615826721856,0.0,-0.004455615826721856
Jnk,"['Erk', 'Raf']","['Erk', 'Raf', 'Jnk']",1,0,0.0,1.0,0.5,853,-0.014102102893917393,0.0,-0.014102102893917393
Jnk,"['Akt', 'Raf']","['Akt', 'Raf', 'Jnk']",1,0,0.0,1.0,0.5,853,-0.008631633732127183,0.0,-0.008631633732127183
Jnk,"['PKA', 'Raf']","['PKA', 'Raf', 'Jnk']",1,0,0.0,1.0,0.5,853,-0.010241496790432292,0.0,-0.010241496790432292
Jnk,"['PKC', 'Raf']","['PKC', 'Raf', 'Jnk']",1,0,0.0,1.0,0.5,853,-0.1012851170189287,-0.13286143302929895,-0.1012851170189287
Jnk,"['P38', 'Raf']","['P38', 'Raf', 'Jnk']",1,0,0.0,1.0,0.5,853,-0.014967322862984574,0.0,-0.014967322862984574
Jnk,"['Mek', 'Plcg']","['Mek', 'Plcg', 'Jnk']",1,0,0.0,1.0,0.5,853,-0.006609309318223452,0.0,-0.006609309318223452
Jnk,"['Mek', 'PIP2']","['Mek', 'PIP2', 'Jnk']",1,0,0.0,1.0,0.5,853,-0.006609309318223452,0.0,-0.006609309318223452
Jnk,"['Mek', 'PIP3']","['Mek', 'PIP3', 'Jnk']",1,0,0.0,1.0,0.5,853,-0.006609309318223452,0.0,-0.006609309318223452
Jnk,"['Erk', 'Mek']","['Erk', 'Mek', 'Jnk']",1,0,0.0,1.0,0.5,853,-0.014102102893917393,0.0,-0.014102102893917393
Jnk,"['Akt', 'Mek']","['Akt', 'Mek', 'Jnk']",1,0,0.0,1.0,0.5,853,-0.008631633732127183,0.0,-0.008631633732127183
Jnk,"['Mek', 'PKA']","['Mek', 'PKA', 'Jnk']",1,0,0.0,1.0,0.5,853,-0.006609309318223452,0.0,-0.006609309318223452
Jnk,"['Mek', 'PKC']","['Mek', 'PKC', 'Jnk']",1,0,0.0,1.0,0.5,853,-0.013688036117099038,0.0,-0.013688036117099038
Jnk,"['Mek', 'P38']","['Mek', 'P38', 'Jnk']",1,0,0.0,1.0,0.5,853,-0.006609309318223452,0.0,-0.006609309318223452
Jnk,"['PIP2', 'Plcg']","['PIP2', 'Plcg', 'Jnk']",1,0,0.0,1.0,0.5,853,-0.0019539801748836507,0.0,-0.0019539801748836507
Jnk,"['PIP3', 'Plcg']","['PIP3', 'Plcg', 'Jnk']",1,0,0.0,1.0,0.5,853,-0.009824993163841904,0.0,-0.009824993163841904
Jnk,"['Erk', 'Plcg']","['Erk', 'Plcg', 'Jnk']",1,0,0.0,1.0,0.5,853,-0.014102102893917393,0.0,-0.014102102893917393
Jnk,"['Akt', 'Plcg']","['Akt', 'Plcg', 'Jnk']",1,0,0.0,1.0,0.5,853,-0.008631633732127183,0.0,-0.008631633732127183
Jnk,"['PKA', 'Plcg']","['PKA', 'Plcg', 'Jnk']",1,0,0.0,1.0,0.5,853,-0.010241496790432292,0.0,-0.010241496790432292
Jnk,"['PKC', 'Plcg']","['PKC', 'Plcg', 'Jnk']",1,0,0.0,1.0,0.5,853,-0.1012851170189287,-0.13286143302929895,-0.1012851170189287
Jnk,"['P38', 'Plcg']","['P38', 'Plcg', 'Jnk']",1,0,0.0,1.0,0.5,853,-0.014967322862984574,0.0,-0.014967322862984574
Jnk,"['PIP2', 'PIP3']","['PIP2', 'PIP3', 'Jnk']",1,0,0.0,1.0,0.5,853,0.001774830148272932,0.0,0.001774830148272932
Jnk,"['Erk', 'PIP2']","['Erk', 'PIP2', 'Jnk']",1,0,0.0,1.0,0.5,853,-0.014102102893917393,0.0,-0.014102102893917393
Jnk,"['Akt', 'PIP2']","['Akt', 'PIP2', 'Jnk']",1,0,0.0,1.0,0.5,853,-0.008631633732127183,0.0,-0.008631633732127183
Jnk,"['PIP2', 'PKA']","['PIP2', 'PKA', 'Jnk']",1,0,0.0,1.0,0.5,853,0.002999473006498038,0.0,0.002999473006498038
Jnk,"['PIP2', 'PKC']","['PIP2', 'PKC', 'Jnk']",1,0,0.0,1.0,0.5,853,-0.0002838112795951915,0.0,-0.0002838112795951915
Jnk,"['P38', 'PIP2']","['P38', 'PIP2', 'Jnk']",1,0,0.0,1.0,0.5,853,-0.014967322862984574,0.0,-0.014967322862984574
Jnk,"['Erk', 'PIP3']","['Erk', 'PIP3', 'Jnk']",1,0,0.0,1.0,0.5,853,-0.014102102893917393,0.0,-0.014102102893917393
Jnk,"['Akt', 'PIP3']","['Akt', 'PIP3', 'Jnk']",1,0,0.0,1.0,0.5,853,-0.008631633732127183,0.0,-0.008631633732127183
Jnk,"['PIP3', 'PKA']","['PIP3', 'PKA', 'Jnk']",1,0,0.0,1.0,0.5,853,-0.004455615826721856,0.0,-0.004455615826721856
Jnk,"['PIP3', 'PKC']","['PIP3', 'PKC', 'Jnk']",1,0,0.0,1.0,0.5,853,-0.003765580359653321,0.0,-0.003765580359653321
Jnk,"['P38', 'PIP3']","['P38', 'PIP3', 'Jnk']",1,0,0.0,1.0,0.5,853,-0.014967322862984574,0.0,-0.014967322862984574
Jnk,"['Akt', 'Erk']","['Akt', 'Erk', 'Jnk']",1,0,0.0,1.0,0.5,853,0.01080894482544722,0.0,0.01080894482544722
Jnk,"['Erk', 'PKA']","['Erk', 'PKA', 'Jnk']",1,0,0.0,1.0,0.5,853,-0.006021828006186584,0.0,-0.006021828006186584
Jnk,"['Erk', 'PKC']","['Erk', 'PKC', 'Jnk']",1,0,0.0,1.0,0.5,853,-0.015973073668093637,0.0,-0.015973073668093637
Jnk,"['Erk', 'P38']","['Erk', 'P38', 'Jnk']",1,0,0.0,1.0,0.5,853,-0.014102102893917393,0.0,-0.014102102893917393
Jnk,"['Akt', 'PKA']","['Akt', 'PKA', 'Jnk']",1,0,0.0,1.0,0.5,853,0.0029103045189590505,0.0,0.0029103045189590505
Jnk,"['Akt', 'PKC']","['Akt', 'PKC', 'Jnk']",1,0,0.0,1.0,0.5,853,-0.008655116827098524,0.0,-0.008655116827098524
Jnk,"['Akt', 'P38']","['Akt', 'P38', 'Jnk']",1,0,0.0,1.0,0.5,853,-0.008631633732127183,0.0,-0.008631633732127183
Jnk,"['PKA', 'PKC']","['PKA', 'PKC', 'Jnk']",1,0,0.0,1.0,0.5,853,-0.012966289633171752,0.0,-0.012966289633171752
Jnk,"['P38', 'PKA']","['P38', 'PKA', 'Jnk']",1,0,0.0,1.0,0.5,853,-0.014967322862984574,0.0,-0.014967322862984574
Jnk,"['P38', 'PKC']","['P38', 'PKC', 'Jnk']",5,0,0.0,0.20140515222482436,0.10070257611241218,171,-0.10079119367045064,-0.09327111688739542,0.17898507151886275
Jnk,"['P38', 'PKC']","['P38', 'PKC', 'Jnk']",5,1,0.20140515222482436,0.4010538641686182,0.3012295081967213,168,0.18242737491538924,0.1345514024634598,0.17898507151886275
Jnk,"['P38', 'PKC']","['P38', 'PKC', 'Jnk']",5,2,0.4010538641686182,0.6018735362997658,0.501463700234192,171,0.25587557585973275,0.3859516216558835,0.17898507151886275
Jnk,"['P38', 'PKC']","['P38', 'PKC', 'Jnk']",5,3,0.6018735362997658,0.7985948477751756,0.7002341920374707,169,0.3246538227331338,0.5010141649751352,0.17898507151886275
Jnk,"['P38', 'PKC']","['P38', 'PKC', 'Jnk']",5,4,0.7985948477751756,1.0,0.8992974238875878,174,0.345072762309788,0.43387793402908725,0.17898507151886275
